BEGIN;

INSERT INTO "public"."perfis" ("id", "nome", "descricao", "ativo", "created_at") 
VALUES 
('2a97b640-a46f-4f38-9890-257e7d400497', 'Estoquista', 'Acesso de estoque', 'true', '2025-08-30 19:25:50.641639+00'), 
('c6347f7d-90ef-4a9b-9837-35b47a9c2c2d', 'Gestor', 'Acesso de gerenciamento', 'true', '2025-08-30 19:25:50.641639+00'), 
('df715db9-aa99-43d2-a94f-f43476a43366', 'Cozinheiro', 'Acesso de cozinha', 'true', '2025-08-30 19:25:50.641639+00');

INSERT INTO "public"."funcionalidades" 
("id", "nome", "descricao", "rota", "ativo", "created_at") 
VALUES 
('040a3182-9e65-41c9-b908-95a23118921a', 'Membros', 'Gerenciamento de membros da organização', '/members', 'true', '2025-09-01 14:49:01.034981+00'), 
('040ca75c-1f2e-4a1f-9389-6904df5e269d', 'Dashboard Cozinheiro', 'Visualização do painel principal', '/dashboard', 'true', '2025-09-01 13:53:37.475994+00'), ('1de9f971-51ac-4433-bdd3-20aa560dcb71', 'Convites', 'Gerenciamento de convites', '/invites', 'true', '2025-09-01 13:53:37.475994+00'), ('30e16e95-f817-48f7-be60-86223c1c7a81', 'Dashboard Estoquista', 'Visualização do painel principal', '/dashboard', 'true', '2025-09-01 13:53:37.475994+00'), ('3a9ddc0f-996f-4299-ab06-9022d90e3751', 'Etiquetas', 'Geração e impressão de etiquetas', '/etiquetas', 'true', '2025-09-01 13:53:37.475994+00'), ('bc48c212-3bb3-4755-b2de-eb95f181e567', 'Departamentos', 'Gerenciamento de departamentos', '/departments', 'true', '2025-09-01 13:53:37.475994+00'), ('d432163b-f7b9-4758-b9e3-bd9ebf8d0dd2', 'Dashboard Gestor', 'Visualização do painel principal', '/dashboard', 'true', '2025-09-01 13:53:37.475994+00'), ('f8566e23-78d0-4123-a96b-0475a5e2f980', 'Organizações', 'Gerenciamento de organizações', '/organizations', 'true', '2025-09-01 13:53:37.475994+00');
('1de9f971-51ac-4433-bdd3-20aa560dcb71', 'Convites', 'Gerenciamento de convites', '/invites', 'true', '2025-09-01 13:53:37.475994+00'), 
('30e16e95-f817-48f7-be60-86223c1c7a81', 'Dashboard Estoquista', 'Visualização do painel principal', '/dashboard', 'true', '2025-09-01 13:53:37.475994+00'), 
('3a9ddc0f-996f-4299-ab06-9022d90e3751', 'Etiquetas', 'Geração e impressão de etiquetas', '/etiquetas', 'true', '2025-09-01 13:53:37.475994+00'), 
('bc48c212-3bb3-4755-b2de-eb95f181e567', 'Departamentos', 'Gerenciamento de departamentos', '/departments', 'true', '2025-09-01 13:53:37.475994+00'), 
('d432163b-f7b9-4758-b9e3-bd9ebf8d0dd2', 'Dashboard Gestor', 'Visualização do painel principal', '/dashboard', 'true', '2025-09-01 13:53:37.475994+00'), 
('f8566e23-78d0-4123-a96b-0475a5e2f980', 'Organizações', 'Gerenciamento de organizações', '/organizations', 'true', '2025-09-01 13:53:37.475994+00');

INSERT INTO "public"."permissoes" 
("id", "funcionalidade_id", "perfil_usuario_id", "acao", "ativo", "created_at") 
VALUES 
('023df823-6356-4b46-a1a1-d190752d873d', '3a9ddc0f-996f-4299-ab06-9022d90e3751', '2a97b640-a46f-4f38-9890-257e7d400497', 'liberado', 'true', '2025-09-01 14:44:13.61682+00'), 
('0a2ef261-469f-4ab0-adae-6f63a400e781', '040ca75c-1f2e-4a1f-9389-6904df5e269d', 'df715db9-aa99-43d2-a94f-f43476a43366', 'liberado', 'true', '2025-09-01 14:44:13.61682+00'),
('1a0ef4a4-779a-4950-b49e-fcacf5e11aec', 'f8566e23-78d0-4123-a96b-0475a5e2f980', 'c6347f7d-90ef-4a9b-9837-35b47a9c2c2d', 'liberado', 'true', '2025-09-01 14:44:13.61682+00'), ('3ac36b30-14ea-42ac-898a-ac2354453958', '30e16e95-f817-48f7-be60-86223c1c7a81', '2a97b640-a46f-4f38-9890-257e7d400497', 'liberado', 'true', '2025-09-01 14:44:13.61682+00'), ('3f203907-473d-496f-80e1-93f19b923be7', 'bc48c212-3bb3-4755-b2de-eb95f181e567', 'c6347f7d-90ef-4a9b-9837-35b47a9c2c2d', 'liberado', 'true', '2025-09-01 14:44:13.61682+00'), ('4c8a23c4-19b8-4ac5-9706-ce63a67ab11d', '3a9ddc0f-996f-4299-ab06-9022d90e3751', 'c6347f7d-90ef-4a9b-9837-35b47a9c2c2d', 'liberado', 'true', '2025-09-01 14:44:13.61682+00'), ('5a16729b-bd81-4221-8074-845c2928113a', '1de9f971-51ac-4433-bdd3-20aa560dcb71', 'c6347f7d-90ef-4a9b-9837-35b47a9c2c2d', 'visualizar', 'true', '2025-09-01 15:01:49.225244+00'), ('5ef1be1e-e90a-4938-adfe-714839926ce9', '3a9ddc0f-996f-4299-ab06-9022d90e3751', 'df715db9-aa99-43d2-a94f-f43476a43366', 'liberado', 'true', '2025-09-01 14:44:13.61682+00'), ('75488d1c-3717-4b82-b99f-d2c6c27fbc71', 'f8566e23-78d0-4123-a96b-0475a5e2f980', 'c6347f7d-90ef-4a9b-9837-35b47a9c2c2d', 'visualizar', 'true', '2025-09-01 15:01:49.225244+00'), ('7bc1d3b5-701d-4b7d-9e5a-8b589424df49', '1de9f971-51ac-4433-bdd3-20aa560dcb71', 'c6347f7d-90ef-4a9b-9837-35b47a9c2c2d', 'liberado', 'true', '2025-09-01 14:44:13.61682+00'), ('9c988ad9-ec37-4f14-a0a1-e6cfcc159793', 'bc48c212-3bb3-4755-b2de-eb95f181e567', 'c6347f7d-90ef-4a9b-9837-35b47a9c2c2d', 'visualizar', 'true', '2025-09-01 15:01:49.225244+00'), ('ea9d408c-be5b-4037-8c48-634142ee4016', 'd432163b-f7b9-4758-b9e3-bd9ebf8d0dd2', 'c6347f7d-90ef-4a9b-9837-35b47a9c2c2d', 'liberado', 'true', '2025-09-01 14:44:13.61682+00'), ('eebadde4-2400-4c76-bec7-e63c8fd40331', '040a3182-9e65-41c9-b908-95a23118921a', 'c6347f7d-90ef-4a9b-9837-35b47a9c2c2d', 'liberado', 'true', '2025-09-01 14:49:14.53281+00'), ('fb9ef0a0-e932-41f8-bbf2-2d4e5bd98f61', '040a3182-9e65-41c9-b908-95a23118921a', 'c6347f7d-90ef-4a9b-9837-35b47a9c2c2d', 'visualizar', 'true', '2025-09-01 15:01:49.225244+00');

INSERT INTO grupos (id, nome) VALUES (1, 'Cereais e derivados');
INSERT INTO grupos (id, nome) VALUES (2, 'Verduras, hortaliças e derivados');
INSERT INTO grupos (id, nome) VALUES (3, 'Frutos e derivados');
INSERT INTO grupos (id, nome) VALUES (4, 'Gorduras e óleos');
INSERT INTO grupos (id, nome) VALUES (5, 'Pescados e frutos do mar');
INSERT INTO grupos (id, nome) VALUES (6, 'Carnes e derivados');
INSERT INTO grupos (id, nome) VALUES (7, 'Leite e derivados');
INSERT INTO grupos (id, nome) VALUES (8, 'Ovos e derivados');
INSERT INTO grupos (id, nome) VALUES (9, 'Produtos açucarados');
INSERT INTO grupos (id, nome) VALUES (10, 'Miscelâneas');
INSERT INTO grupos (id, nome) VALUES (11, 'Outros alimentos industrializados');
INSERT INTO grupos (id, nome) VALUES (12, 'Alimentos preparados');
INSERT INTO grupos (id, nome) VALUES (13, 'Leguminosas e derivados');
INSERT INTO grupos (id, nome) VALUES (14, 'Nozes e sementes');
INSERT INTO grupos (id, nome) VALUES (15, 'Frutas e derivados');
INSERT INTO grupos (id, nome) VALUES (16, 'Bebidas (alcoólicas e não alcoólicas)');

INSERT INTO produtos (id, nome, grupo_id) VALUES (1, 'Arroz integral cozido', 1);
INSERT INTO produtos (id, nome, grupo_id) VALUES (2, 'Arroz integral cru', 1);
INSERT INTO produtos (id, nome, grupo_id) VALUES (3, 'Arroz tipo 1 cozido', 1);
INSERT INTO produtos (id, nome, grupo_id) VALUES (4, 'Arroz tipo 1 cru', 1);
INSERT INTO produtos (id, nome, grupo_id) VALUES (5, 'Arroz tipo 2 cozido', 1);
INSERT INTO produtos (id, nome, grupo_id) VALUES (6, 'Arroz tipo 2 cru', 1);
INSERT INTO produtos (id, nome, grupo_id) VALUES (7, 'Aveia flocos crua', 1);
INSERT INTO produtos (id, nome, grupo_id) VALUES (8, 'Biscoito doce maisena', 1);
INSERT INTO produtos (id, nome, grupo_id) VALUES (9, 'Biscoito doce recheado com chocolate', 1);
INSERT INTO produtos (id, nome, grupo_id) VALUES (10, 'Biscoito doce recheado com morango', 1);
INSERT INTO produtos (id, nome, grupo_id) VALUES (11, 'Biscoito doce wafer recheado de chocolate', 1);
INSERT INTO produtos (id, nome, grupo_id) VALUES (12, 'Biscoito doce wafer recheado de morango', 1);
INSERT INTO produtos (id, nome, grupo_id) VALUES (13, 'Biscoito salgado cream cracker', 1);
INSERT INTO produtos (id, nome, grupo_id) VALUES (14, 'Bolo mistura para', 1);
INSERT INTO produtos (id, nome, grupo_id) VALUES (15, 'Bolo pronto aipim', 1);
INSERT INTO produtos (id, nome, grupo_id) VALUES (16, 'Bolo pronto chocolate', 1);
INSERT INTO produtos (id, nome, grupo_id) VALUES (17, 'Bolo pronto coco', 1);
INSERT INTO produtos (id, nome, grupo_id) VALUES (18, 'Bolo pronto milho', 1);
INSERT INTO produtos (id, nome, grupo_id) VALUES (19, 'Canjica branca crua', 1);
INSERT INTO produtos (id, nome, grupo_id) VALUES (20, 'Canjica com leite integral', 1);
INSERT INTO produtos (id, nome, grupo_id) VALUES (21, 'Cereais milho flocos com sal', 1);
INSERT INTO produtos (id, nome, grupo_id) VALUES (22, 'Cereais milho flocos sem sal', 1);
INSERT INTO produtos (id, nome, grupo_id) VALUES (23, 'Cereais mingau milho infantil', 1);
INSERT INTO produtos (id, nome, grupo_id) VALUES (24, 'Cereais mistura para vitamina trigo cevada e aveia', 1);
INSERT INTO produtos (id, nome, grupo_id) VALUES (25, 'Cereal matinal milho', 1);
INSERT INTO produtos (id, nome, grupo_id) VALUES (26, 'Cereal matinal milho açúcar', 1);
INSERT INTO produtos (id, nome, grupo_id) VALUES (27, 'Creme de arroz pó', 1);
INSERT INTO produtos (id, nome, grupo_id) VALUES (28, 'Creme de milho pó', 1);
INSERT INTO produtos (id, nome, grupo_id) VALUES (29, 'Curau milho verde', 1);
INSERT INTO produtos (id, nome, grupo_id) VALUES (30, 'Curau milho verde mistura para', 1);
INSERT INTO produtos (id, nome, grupo_id) VALUES (31, 'Farinha de arroz enriquecida', 1);
INSERT INTO produtos (id, nome, grupo_id) VALUES (32, 'Farinha de centeio integral', 1);
INSERT INTO produtos (id, nome, grupo_id) VALUES (33, 'Farinha de milho amarela', 1);
INSERT INTO produtos (id, nome, grupo_id) VALUES (34, 'Farinha de rosca', 1);
INSERT INTO produtos (id, nome, grupo_id) VALUES (35, 'Farinha de trigo', 1);
INSERT INTO produtos (id, nome, grupo_id) VALUES (36, 'Farinha láctea de cereais', 1);
INSERT INTO produtos (id, nome, grupo_id) VALUES (37, 'Lasanha massa fresca cozida', 1);
INSERT INTO produtos (id, nome, grupo_id) VALUES (38, 'Lasanha massa fresca crua', 1);
INSERT INTO produtos (id, nome, grupo_id) VALUES (39, 'Macarrão instantâneo', 1);
INSERT INTO produtos (id, nome, grupo_id) VALUES (40, 'Macarrão trigo cru', 1);
INSERT INTO produtos (id, nome, grupo_id) VALUES (41, 'Macarrão trigo cru com ovos', 1);
INSERT INTO produtos (id, nome, grupo_id) VALUES (42, 'Milho amido cru', 1);
INSERT INTO produtos (id, nome, grupo_id) VALUES (43, 'Milho fubá cru', 1);
INSERT INTO produtos (id, nome, grupo_id) VALUES (44, 'Milho verde cru', 1);
INSERT INTO produtos (id, nome, grupo_id) VALUES (45, 'Milho verde enlatado drenado', 1);
INSERT INTO produtos (id, nome, grupo_id) VALUES (46, 'Mingau tradicional pó', 1);
INSERT INTO produtos (id, nome, grupo_id) VALUES (47, 'Pamonha barra para cozimento pré-cozida', 1);
INSERT INTO produtos (id, nome, grupo_id) VALUES (48, 'Pastel de carne cru', 1);
INSERT INTO produtos (id, nome, grupo_id) VALUES (49, 'Pastel de carne frito', 1);
INSERT INTO produtos (id, nome, grupo_id) VALUES (50, 'Pastel de queijo cru', 1);
INSERT INTO produtos (id, nome, grupo_id) VALUES (51, 'Pastel de queijo frito', 1);
INSERT INTO produtos (id, nome, grupo_id) VALUES (52, 'Pastel massa crua', 1);
INSERT INTO produtos (id, nome, grupo_id) VALUES (53, 'Pastel massa frita', 1);
INSERT INTO produtos (id, nome, grupo_id) VALUES (54, 'Pipoca com óleo de soja sem sal', 1);
INSERT INTO produtos (id, nome, grupo_id) VALUES (55, 'Polenta pré-cozida', 1);
INSERT INTO produtos (id, nome, grupo_id) VALUES (56, 'Pão aveia forma', 1);
INSERT INTO produtos (id, nome, grupo_id) VALUES (57, 'Pão de soja', 1);
INSERT INTO produtos (id, nome, grupo_id) VALUES (58, 'Pão glúten forma', 1);
INSERT INTO produtos (id, nome, grupo_id) VALUES (59, 'Pão milho forma', 1);
INSERT INTO produtos (id, nome, grupo_id) VALUES (60, 'Pão trigo forma integral', 1);
INSERT INTO produtos (id, nome, grupo_id) VALUES (61, 'Pão trigo francês', 1);
INSERT INTO produtos (id, nome, grupo_id) VALUES (62, 'Pão trigo sovado', 1);
INSERT INTO produtos (id, nome, grupo_id) VALUES (63, 'Torrada pão francês', 1);
INSERT INTO produtos (id, nome, grupo_id) VALUES (64, 'Abobrinha italiana cozida', 2);
INSERT INTO produtos (id, nome, grupo_id) VALUES (65, 'Abobrinha italiana crua', 2);
INSERT INTO produtos (id, nome, grupo_id) VALUES (66, 'Abobrinha italiana refogada', 2);
INSERT INTO produtos (id, nome, grupo_id) VALUES (67, 'Abobrinha paulista crua', 2);
INSERT INTO produtos (id, nome, grupo_id) VALUES (68, 'Abóbora cabotian cozida', 2);
INSERT INTO produtos (id, nome, grupo_id) VALUES (69, 'Abóbora cabotian crua', 2);
INSERT INTO produtos (id, nome, grupo_id) VALUES (70, 'Abóbora menina brasileira crua', 2);
INSERT INTO produtos (id, nome, grupo_id) VALUES (71, 'Abóbora moranga crua', 2);
INSERT INTO produtos (id, nome, grupo_id) VALUES (72, 'Abóbora moranga refogada', 2);
INSERT INTO produtos (id, nome, grupo_id) VALUES (73, 'Abóbora pescoço crua', 2);
INSERT INTO produtos (id, nome, grupo_id) VALUES (74, 'Acelga crua', 2);
INSERT INTO produtos (id, nome, grupo_id) VALUES (75, 'Agrião cru', 2);
INSERT INTO produtos (id, nome, grupo_id) VALUES (76, 'Aipo cru', 2);
INSERT INTO produtos (id, nome, grupo_id) VALUES (77, 'Alface americana crua', 2);
INSERT INTO produtos (id, nome, grupo_id) VALUES (78, 'Alface crespa crua', 2);
INSERT INTO produtos (id, nome, grupo_id) VALUES (79, 'Alface lisa crua', 2);
INSERT INTO produtos (id, nome, grupo_id) VALUES (80, 'Alface roxa crua', 2);
INSERT INTO produtos (id, nome, grupo_id) VALUES (81, 'Alfavaca crua', 2);
INSERT INTO produtos (id, nome, grupo_id) VALUES (82, 'Alho cru', 2);
INSERT INTO produtos (id, nome, grupo_id) VALUES (83, 'Alho-poró cru', 2);
INSERT INTO produtos (id, nome, grupo_id) VALUES (84, 'Almeirão cru', 2);
INSERT INTO produtos (id, nome, grupo_id) VALUES (85, 'Almeirão refogado', 2);
INSERT INTO produtos (id, nome, grupo_id) VALUES (86, 'Batata baroa cozida', 2);
INSERT INTO produtos (id, nome, grupo_id) VALUES (87, 'Batata baroa crua', 2);
INSERT INTO produtos (id, nome, grupo_id) VALUES (88, 'Batata doce cozida', 2);
INSERT INTO produtos (id, nome, grupo_id) VALUES (89, 'Batata doce crua', 2);
INSERT INTO produtos (id, nome, grupo_id) VALUES (90, 'Batata frita tipo chips industrializada', 2);
INSERT INTO produtos (id, nome, grupo_id) VALUES (91, 'Batata inglesa cozida', 2);
INSERT INTO produtos (id, nome, grupo_id) VALUES (92, 'Batata inglesa crua', 2);
INSERT INTO produtos (id, nome, grupo_id) VALUES (93, 'Batata inglesa frita', 2);
INSERT INTO produtos (id, nome, grupo_id) VALUES (94, 'Batata inglesa sauté', 2);
INSERT INTO produtos (id, nome, grupo_id) VALUES (95, 'Berinjela cozida', 2);
INSERT INTO produtos (id, nome, grupo_id) VALUES (96, 'Berinjela crua', 2);
INSERT INTO produtos (id, nome, grupo_id) VALUES (97, 'Beterraba cozida', 2);
INSERT INTO produtos (id, nome, grupo_id) VALUES (98, 'Beterraba crua', 2);
INSERT INTO produtos (id, nome, grupo_id) VALUES (99, 'Biscoito polvilho doce', 2);
INSERT INTO produtos (id, nome, grupo_id) VALUES (100, 'Brócolis cozido', 2);
INSERT INTO produtos (id, nome, grupo_id) VALUES (101, 'Brócolis cru', 2);
INSERT INTO produtos (id, nome, grupo_id) VALUES (102, 'Caruru cru', 2);
INSERT INTO produtos (id, nome, grupo_id) VALUES (103, 'Cará cozido', 2);
INSERT INTO produtos (id, nome, grupo_id) VALUES (104, 'Cará cru', 2);
INSERT INTO produtos (id, nome, grupo_id) VALUES (105, 'Catalonha crua', 2);
INSERT INTO produtos (id, nome, grupo_id) VALUES (106, 'Catalonha refogada', 2);
INSERT INTO produtos (id, nome, grupo_id) VALUES (107, 'Cebola crua', 2);
INSERT INTO produtos (id, nome, grupo_id) VALUES (108, 'Cebolinha crua', 2);
INSERT INTO produtos (id, nome, grupo_id) VALUES (109, 'Cenoura cozida', 2);
INSERT INTO produtos (id, nome, grupo_id) VALUES (110, 'Cenoura crua', 2);
INSERT INTO produtos (id, nome, grupo_id) VALUES (111, 'Chicória crua', 2);
INSERT INTO produtos (id, nome, grupo_id) VALUES (112, 'Chuchu cozido', 2);
INSERT INTO produtos (id, nome, grupo_id) VALUES (113, 'Chuchu cru', 2);
INSERT INTO produtos (id, nome, grupo_id) VALUES (114, 'Coentro folhas desidratadas', 2);
INSERT INTO produtos (id, nome, grupo_id) VALUES (115, 'Couve manteiga crua', 2);
INSERT INTO produtos (id, nome, grupo_id) VALUES (116, 'Couve manteiga refogada', 2);
INSERT INTO produtos (id, nome, grupo_id) VALUES (117, 'Couve-flor cozida', 2);
INSERT INTO produtos (id, nome, grupo_id) VALUES (118, 'Couve-flor crua', 2);
INSERT INTO produtos (id, nome, grupo_id) VALUES (119, 'Espinafre Nova Zelândia cru', 2);
INSERT INTO produtos (id, nome, grupo_id) VALUES (120, 'Espinafre Nova Zelândia refogado', 2);
INSERT INTO produtos (id, nome, grupo_id) VALUES (121, 'Farinha de mandioca crua', 2);
INSERT INTO produtos (id, nome, grupo_id) VALUES (122, 'Farinha de mandioca torrada', 2);
INSERT INTO produtos (id, nome, grupo_id) VALUES (123, 'Farinha de puba', 2);
INSERT INTO produtos (id, nome, grupo_id) VALUES (124, 'Feijão broto cru', 2);
INSERT INTO produtos (id, nome, grupo_id) VALUES (125, 'Fécula de mandioca', 2);
INSERT INTO produtos (id, nome, grupo_id) VALUES (126, 'Inhame cru', 2);
INSERT INTO produtos (id, nome, grupo_id) VALUES (127, 'Jiló cru', 2);
INSERT INTO produtos (id, nome, grupo_id) VALUES (128, 'Jurubeba crua', 2);
INSERT INTO produtos (id, nome, grupo_id) VALUES (129, 'Mandioca cozida', 2);
INSERT INTO produtos (id, nome, grupo_id) VALUES (130, 'Mandioca crua', 2);
INSERT INTO produtos (id, nome, grupo_id) VALUES (131, 'Mandioca farofa temperada', 2);
INSERT INTO produtos (id, nome, grupo_id) VALUES (132, 'Mandioca frita', 2);
INSERT INTO produtos (id, nome, grupo_id) VALUES (133, 'Manjericão cru', 2);
INSERT INTO produtos (id, nome, grupo_id) VALUES (134, 'Maxixe cru', 2);
INSERT INTO produtos (id, nome, grupo_id) VALUES (135, 'Mostarda folha crua', 2);
INSERT INTO produtos (id, nome, grupo_id) VALUES (136, 'Nabo cru', 2);
INSERT INTO produtos (id, nome, grupo_id) VALUES (137, 'Nhoque batata cozido', 2);
INSERT INTO produtos (id, nome, grupo_id) VALUES (138, 'Palmito Juçara em conserva', 2);
INSERT INTO produtos (id, nome, grupo_id) VALUES (139, 'Palmito juçara em conserva', 2);
INSERT INTO produtos (id, nome, grupo_id) VALUES (140, 'Palmito pupunha em conserva', 2);
INSERT INTO produtos (id, nome, grupo_id) VALUES (141, 'Pepino cru', 2);
INSERT INTO produtos (id, nome, grupo_id) VALUES (142, 'Pimentão amarelo cru', 2);
INSERT INTO produtos (id, nome, grupo_id) VALUES (143, 'Pimentão verde cru', 2);
INSERT INTO produtos (id, nome, grupo_id) VALUES (144, 'Pimentão vermelho cru', 2);
INSERT INTO produtos (id, nome, grupo_id) VALUES (145, 'Polvilho doce', 2);
INSERT INTO produtos (id, nome, grupo_id) VALUES (146, 'Pão de queijo assado', 2);
INSERT INTO produtos (id, nome, grupo_id) VALUES (147, 'Pão de queijo cru', 2);
INSERT INTO produtos (id, nome, grupo_id) VALUES (148, 'Quiabo cru', 2);
INSERT INTO produtos (id, nome, grupo_id) VALUES (149, 'Rabanete cru', 2);
INSERT INTO produtos (id, nome, grupo_id) VALUES (150, 'Repolho branco cru', 2);
INSERT INTO produtos (id, nome, grupo_id) VALUES (151, 'Repolho roxo cru', 2);
INSERT INTO produtos (id, nome, grupo_id) VALUES (152, 'Repolho roxo refogado', 2);
INSERT INTO produtos (id, nome, grupo_id) VALUES (153, 'Rúcula crua', 2);
INSERT INTO produtos (id, nome, grupo_id) VALUES (154, 'Salsa crua', 2);
INSERT INTO produtos (id, nome, grupo_id) VALUES (155, 'Seleta de legumes enlatada', 2);
INSERT INTO produtos (id, nome, grupo_id) VALUES (156, 'Serralha crua', 2);
INSERT INTO produtos (id, nome, grupo_id) VALUES (157, 'Taioba crua', 2);
INSERT INTO produtos (id, nome, grupo_id) VALUES (158, 'Tomate com semente cru', 2);
INSERT INTO produtos (id, nome, grupo_id) VALUES (159, 'Tomate extrato', 2);
INSERT INTO produtos (id, nome, grupo_id) VALUES (160, 'Tomate molho industrializado', 2);
INSERT INTO produtos (id, nome, grupo_id) VALUES (161, 'Tomate purê', 2);
INSERT INTO produtos (id, nome, grupo_id) VALUES (162, 'Tomate salada', 2);
INSERT INTO produtos (id, nome, grupo_id) VALUES (163, 'Vagem crua', 2);
INSERT INTO produtos (id, nome, grupo_id) VALUES (164, 'Abacate cru', 3);
INSERT INTO produtos (id, nome, grupo_id) VALUES (165, 'Abiu cru', 3);
INSERT INTO produtos (id, nome, grupo_id) VALUES (166, 'Ameixa em calda enlatada drenada', 3);
INSERT INTO produtos (id, nome, grupo_id) VALUES (167, 'Atemóia crua', 3);
INSERT INTO produtos (id, nome, grupo_id) VALUES (168, 'Açaí polpa com xarope de guaraná e glucose', 3);
INSERT INTO produtos (id, nome, grupo_id) VALUES (169, 'Açaí polpa congelada', 3);
INSERT INTO produtos (id, nome, grupo_id) VALUES (170, 'Ciriguela crua', 3);
INSERT INTO produtos (id, nome, grupo_id) VALUES (171, 'Cupuaçu cru', 3);
INSERT INTO produtos (id, nome, grupo_id) VALUES (172, 'Cupuaçu polpa congelada', 3);
INSERT INTO produtos (id, nome, grupo_id) VALUES (173, 'Fruta-pão crua', 3);
INSERT INTO produtos (id, nome, grupo_id) VALUES (174, 'Goiaba branca com casca crua', 3);
INSERT INTO produtos (id, nome, grupo_id) VALUES (175, 'Goiaba vermelha com casca crua', 3);
INSERT INTO produtos (id, nome, grupo_id) VALUES (176, 'Graviola crua', 3);
INSERT INTO produtos (id, nome, grupo_id) VALUES (177, 'Jaca crua', 3);
INSERT INTO produtos (id, nome, grupo_id) VALUES (178, 'Kiwi cru', 3);
INSERT INTO produtos (id, nome, grupo_id) VALUES (179, 'Macaúba crua', 3);
INSERT INTO produtos (id, nome, grupo_id) VALUES (180, 'Manga Haden crua', 3);
INSERT INTO produtos (id, nome, grupo_id) VALUES (181, 'Manga Tommy Atkins crua', 3);
INSERT INTO produtos (id, nome, grupo_id) VALUES (182, 'Manga polpa congelada', 3);
INSERT INTO produtos (id, nome, grupo_id) VALUES (183, 'Maracujá cru', 3);
INSERT INTO produtos (id, nome, grupo_id) VALUES (184, 'Maçã Argentina com casca crua', 3);
INSERT INTO produtos (id, nome, grupo_id) VALUES (185, 'Pinha crua', 3);
INSERT INTO produtos (id, nome, grupo_id) VALUES (186, 'Pêra Park crua', 3);
INSERT INTO produtos (id, nome, grupo_id) VALUES (187, 'Tamarindo cru', 3);
INSERT INTO produtos (id, nome, grupo_id) VALUES (188, 'Tucumã cru', 3);
INSERT INTO produtos (id, nome, grupo_id) VALUES (189, 'Azeite de dendê', 4);
INSERT INTO produtos (id, nome, grupo_id) VALUES (190, 'Azeite de oliva extra virgem', 4);
INSERT INTO produtos (id, nome, grupo_id) VALUES (191, 'Manteiga com sal', 4);
INSERT INTO produtos (id, nome, grupo_id) VALUES (192, 'Manteiga sem sal', 4);
INSERT INTO produtos (id, nome, grupo_id) VALUES (193, 'Margarina com óleo hidrogenado com sal (65% de lipídeos)', 4);
INSERT INTO produtos (id, nome, grupo_id) VALUES (194, 'Margarina com óleo hidrogenado sem sal (80% de lipídeos)', 4);
INSERT INTO produtos (id, nome, grupo_id) VALUES (195, 'Margarina com óleo interesterificado com sal (65%de lipídeos)', 4);
INSERT INTO produtos (id, nome, grupo_id) VALUES (196, 'Margarina com óleo interesterificado sem sal (65% de lipídeos)', 4);
INSERT INTO produtos (id, nome, grupo_id) VALUES (197, 'Óleo de babaçu', 4);
INSERT INTO produtos (id, nome, grupo_id) VALUES (198, 'Óleo de canola', 4);
INSERT INTO produtos (id, nome, grupo_id) VALUES (199, 'Óleo de girassol', 4);
INSERT INTO produtos (id, nome, grupo_id) VALUES (200, 'Óleo de milho', 4);
INSERT INTO produtos (id, nome, grupo_id) VALUES (201, 'Óleo de pequi', 4);
INSERT INTO produtos (id, nome, grupo_id) VALUES (202, 'Óleo de soja', 4);
INSERT INTO produtos (id, nome, grupo_id) VALUES (203, 'Abadejo filé congelado assado', 5);
INSERT INTO produtos (id, nome, grupo_id) VALUES (204, 'Abadejo filé congelado cru', 5);
INSERT INTO produtos (id, nome, grupo_id) VALUES (205, 'Abadejo filé congelado grelhado', 5);
INSERT INTO produtos (id, nome, grupo_id) VALUES (206, 'Abadejo filé congeladocozido', 5);
INSERT INTO produtos (id, nome, grupo_id) VALUES (207, 'Atum conserva em óleo', 5);
INSERT INTO produtos (id, nome, grupo_id) VALUES (208, 'Atum fresco cru', 5);
INSERT INTO produtos (id, nome, grupo_id) VALUES (209, 'Bacalhau salgado cru', 5);
INSERT INTO produtos (id, nome, grupo_id) VALUES (210, 'Bacalhau salgado refogado', 5);
INSERT INTO produtos (id, nome, grupo_id) VALUES (211, 'Camarão Rio Grande grande cozido', 5);
INSERT INTO produtos (id, nome, grupo_id) VALUES (212, 'Camarão Rio Grande grande cru', 5);
INSERT INTO produtos (id, nome, grupo_id) VALUES (213, 'Camarão Sete Barbas sem cabeça com casca frito', 5);
INSERT INTO produtos (id, nome, grupo_id) VALUES (214, 'Caranguejo cozido', 5);
INSERT INTO produtos (id, nome, grupo_id) VALUES (215, 'Cação posta com farinha de trigo frita', 5);
INSERT INTO produtos (id, nome, grupo_id) VALUES (216, 'Cação posta cozida', 5);
INSERT INTO produtos (id, nome, grupo_id) VALUES (217, 'Cação posta crua', 5);
INSERT INTO produtos (id, nome, grupo_id) VALUES (218, 'Corimba cru', 5);
INSERT INTO produtos (id, nome, grupo_id) VALUES (219, 'Corimbatá assado', 5);
INSERT INTO produtos (id, nome, grupo_id) VALUES (220, 'Corimbatá cozido', 5);
INSERT INTO produtos (id, nome, grupo_id) VALUES (221, 'Corvina de água doce crua', 5);
INSERT INTO produtos (id, nome, grupo_id) VALUES (222, 'Corvina do mar crua', 5);
INSERT INTO produtos (id, nome, grupo_id) VALUES (223, 'Corvina grande assada', 5);
INSERT INTO produtos (id, nome, grupo_id) VALUES (224, 'Corvina grande cozida', 5);
INSERT INTO produtos (id, nome, grupo_id) VALUES (225, 'Dourada de água doce fresca', 5);
INSERT INTO produtos (id, nome, grupo_id) VALUES (226, 'Lambari congelado cru', 5);
INSERT INTO produtos (id, nome, grupo_id) VALUES (227, 'Lambari congelado frito', 5);
INSERT INTO produtos (id, nome, grupo_id) VALUES (228, 'Lambari fresco cru', 5);
INSERT INTO produtos (id, nome, grupo_id) VALUES (229, 'Lambari frescocru', 5);
INSERT INTO produtos (id, nome, grupo_id) VALUES (230, 'Manjuba com farinha de trigo frita', 5);
INSERT INTO produtos (id, nome, grupo_id) VALUES (231, 'Manjuba frita', 5);
INSERT INTO produtos (id, nome, grupo_id) VALUES (232, 'Merluza filé assado', 5);
INSERT INTO produtos (id, nome, grupo_id) VALUES (233, 'Merluza filé cru', 5);
INSERT INTO produtos (id, nome, grupo_id) VALUES (234, 'Merluza filé frito', 5);
INSERT INTO produtos (id, nome, grupo_id) VALUES (235, 'Pescada branca crua', 5);
INSERT INTO produtos (id, nome, grupo_id) VALUES (236, 'Pescada branca frita', 5);
INSERT INTO produtos (id, nome, grupo_id) VALUES (237, 'Pescada filé com farinha de trigo frito', 5);
INSERT INTO produtos (id, nome, grupo_id) VALUES (238, 'Pescada filé cru', 5);
INSERT INTO produtos (id, nome, grupo_id) VALUES (239, 'Pescada filé frito', 5);
INSERT INTO produtos (id, nome, grupo_id) VALUES (240, 'Pescada filé molho escabeche', 5);
INSERT INTO produtos (id, nome, grupo_id) VALUES (241, 'Pescadinha crua', 5);
INSERT INTO produtos (id, nome, grupo_id) VALUES (242, 'Pintado assado', 5);
INSERT INTO produtos (id, nome, grupo_id) VALUES (243, 'Pintado cru', 5);
INSERT INTO produtos (id, nome, grupo_id) VALUES (244, 'Pintado grelhado', 5);
INSERT INTO produtos (id, nome, grupo_id) VALUES (245, 'Porquinho cru', 5);
INSERT INTO produtos (id, nome, grupo_id) VALUES (246, 'Salmão filé com pele fresco  grelhado', 5);
INSERT INTO produtos (id, nome, grupo_id) VALUES (247, 'Salmão sem pele fresco cru', 5);
INSERT INTO produtos (id, nome, grupo_id) VALUES (248, 'Salmão sem pele fresco grelhado', 5);
INSERT INTO produtos (id, nome, grupo_id) VALUES (249, 'Sardinha assada', 5);
INSERT INTO produtos (id, nome, grupo_id) VALUES (250, 'Sardinha conserva em óleo', 5);
INSERT INTO produtos (id, nome, grupo_id) VALUES (251, 'Sardinha frita', 5);
INSERT INTO produtos (id, nome, grupo_id) VALUES (252, 'Sardinha inteira crua', 5);
INSERT INTO produtos (id, nome, grupo_id) VALUES (253, 'Tucunaré filé congelado cru', 5);
INSERT INTO produtos (id, nome, grupo_id) VALUES (254, 'Apresuntado', 6);
INSERT INTO produtos (id, nome, grupo_id) VALUES (255, 'Caldo de carne tablete', 6);
INSERT INTO produtos (id, nome, grupo_id) VALUES (256, 'Caldo de galinha tablete', 6);
INSERT INTO produtos (id, nome, grupo_id) VALUES (257, 'Carne bovina acém moído cozido', 6);
INSERT INTO produtos (id, nome, grupo_id) VALUES (258, 'Carne bovina acém moído cru', 6);
INSERT INTO produtos (id, nome, grupo_id) VALUES (259, 'Carne bovina acém sem gordura cozido', 6);
INSERT INTO produtos (id, nome, grupo_id) VALUES (260, 'Carne bovina acém sem gordura cru', 6);
INSERT INTO produtos (id, nome, grupo_id) VALUES (261, 'Carne bovina almôndegas cruas', 6);
INSERT INTO produtos (id, nome, grupo_id) VALUES (262, 'Carne bovina almôndegas fritas', 6);
INSERT INTO produtos (id, nome, grupo_id) VALUES (263, 'Carne bovina bucho cozido', 6);
INSERT INTO produtos (id, nome, grupo_id) VALUES (264, 'Carne bovina bucho cru', 6);
INSERT INTO produtos (id, nome, grupo_id) VALUES (265, 'Carne bovina capa de contra-filé com gordura crua', 6);
INSERT INTO produtos (id, nome, grupo_id) VALUES (266, 'Carne bovina capa de contra-filé com gordura grelhada', 6);
INSERT INTO produtos (id, nome, grupo_id) VALUES (267, 'Carne bovina capa de contra-filé sem gordura crua', 6);
INSERT INTO produtos (id, nome, grupo_id) VALUES (268, 'Carne bovina capa de contra-filé sem gordura grelhada', 6);
INSERT INTO produtos (id, nome, grupo_id) VALUES (269, 'Carne bovina charque cozido', 6);
INSERT INTO produtos (id, nome, grupo_id) VALUES (270, 'Carne bovina charque cru', 6);
INSERT INTO produtos (id, nome, grupo_id) VALUES (271, 'Carne bovina contra-filé com gordura cru', 6);
INSERT INTO produtos (id, nome, grupo_id) VALUES (272, 'Carne bovina contra-filé com gordura grelhado', 6);
INSERT INTO produtos (id, nome, grupo_id) VALUES (273, 'Carne bovina contra-filé de costela cru', 6);
INSERT INTO produtos (id, nome, grupo_id) VALUES (274, 'Carne bovina contra-filé de costela grelhado', 6);
INSERT INTO produtos (id, nome, grupo_id) VALUES (275, 'Carne bovina contra-filé sem gordura cru', 6);
INSERT INTO produtos (id, nome, grupo_id) VALUES (276, 'Carne bovina contra-filé sem gordura grelhado', 6);
INSERT INTO produtos (id, nome, grupo_id) VALUES (277, 'Carne bovina contra-filé à milanesa', 6);
INSERT INTO produtos (id, nome, grupo_id) VALUES (278, 'Carne bovina costela assada', 6);
INSERT INTO produtos (id, nome, grupo_id) VALUES (279, 'Carne bovina costela crua', 6);
INSERT INTO produtos (id, nome, grupo_id) VALUES (280, 'Carne bovina coxão duro sem gordura cozido', 6);
INSERT INTO produtos (id, nome, grupo_id) VALUES (281, 'Carne bovina coxão duro sem gordura cru', 6);
INSERT INTO produtos (id, nome, grupo_id) VALUES (282, 'Carne bovina coxão mole sem gordura cozido', 6);
INSERT INTO produtos (id, nome, grupo_id) VALUES (283, 'Carne bovina coxão mole sem gordura cru', 6);
INSERT INTO produtos (id, nome, grupo_id) VALUES (284, 'Carne bovina cupim assado', 6);
INSERT INTO produtos (id, nome, grupo_id) VALUES (285, 'Carne bovina cupim cru', 6);
INSERT INTO produtos (id, nome, grupo_id) VALUES (286, 'Carne bovina filé mingnon sem gordura cru', 6);
INSERT INTO produtos (id, nome, grupo_id) VALUES (287, 'Carne bovina filé mingnon sem gordura grelhado', 6);
INSERT INTO produtos (id, nome, grupo_id) VALUES (288, 'Carne bovina flanco sem gordura cozido', 6);
INSERT INTO produtos (id, nome, grupo_id) VALUES (289, 'Carne bovina flanco sem gordura cru', 6);
INSERT INTO produtos (id, nome, grupo_id) VALUES (290, 'Carne bovina fraldinha com gordura cozida', 6);
INSERT INTO produtos (id, nome, grupo_id) VALUES (291, 'Carne bovina fraldinha com gordura crua', 6);
INSERT INTO produtos (id, nome, grupo_id) VALUES (292, 'Carne bovina fígado cru', 6);
INSERT INTO produtos (id, nome, grupo_id) VALUES (293, 'Carne bovina fígado grelhado', 6);
INSERT INTO produtos (id, nome, grupo_id) VALUES (294, 'Carne bovina lagarto cozido', 6);
INSERT INTO produtos (id, nome, grupo_id) VALUES (295, 'Carne bovina lagarto cru', 6);
INSERT INTO produtos (id, nome, grupo_id) VALUES (296, 'Carne bovina língua cozida', 6);
INSERT INTO produtos (id, nome, grupo_id) VALUES (297, 'Carne bovina língua crua', 6);
INSERT INTO produtos (id, nome, grupo_id) VALUES (298, 'Carne bovina maminha crua', 6);
INSERT INTO produtos (id, nome, grupo_id) VALUES (299, 'Carne bovina maminha grelhada', 6);
INSERT INTO produtos (id, nome, grupo_id) VALUES (300, 'Carne bovina miolo de alcatra sem gordura cru', 6);
INSERT INTO produtos (id, nome, grupo_id) VALUES (301, 'Carne bovina miolo de alcatra sem gordura grelhado', 6);
INSERT INTO produtos (id, nome, grupo_id) VALUES (302, 'Carne bovina músculo sem gordura cozido', 6);
INSERT INTO produtos (id, nome, grupo_id) VALUES (303, 'Carne bovina músculo sem gordura cru', 6);
INSERT INTO produtos (id, nome, grupo_id) VALUES (304, 'Carne bovina paleta com gordura crua', 6);
INSERT INTO produtos (id, nome, grupo_id) VALUES (305, 'Carne bovina paleta sem gordura cozida', 6);
INSERT INTO produtos (id, nome, grupo_id) VALUES (306, 'Carne bovina paleta sem gordura crua', 6);
INSERT INTO produtos (id, nome, grupo_id) VALUES (307, 'Carne bovina patinho sem gordura cru', 6);
INSERT INTO produtos (id, nome, grupo_id) VALUES (308, 'Carne bovina patinho sem gordura grelhado', 6);
INSERT INTO produtos (id, nome, grupo_id) VALUES (309, 'Carne bovina peito sem gordura cozido', 6);
INSERT INTO produtos (id, nome, grupo_id) VALUES (310, 'Carne bovina peito sem gordura cru', 6);
INSERT INTO produtos (id, nome, grupo_id) VALUES (311, 'Carne bovina picanha com gordura crua', 6);
INSERT INTO produtos (id, nome, grupo_id) VALUES (312, 'Carne bovina picanha com gordura grelhada', 6);
INSERT INTO produtos (id, nome, grupo_id) VALUES (313, 'Carne bovina picanha sem gordura crua', 6);
INSERT INTO produtos (id, nome, grupo_id) VALUES (314, 'Carne bovina picanha sem gordura grelhada', 6);
INSERT INTO produtos (id, nome, grupo_id) VALUES (315, 'Carne bovina seca cozida', 6);
INSERT INTO produtos (id, nome, grupo_id) VALUES (316, 'Carne bovina seca crua', 6);
INSERT INTO produtos (id, nome, grupo_id) VALUES (317, 'Coxinha de frango frita', 6);
INSERT INTO produtos (id, nome, grupo_id) VALUES (318, 'Croquete de carne cru', 6);
INSERT INTO produtos (id, nome, grupo_id) VALUES (319, 'Croquete de carne frito', 6);
INSERT INTO produtos (id, nome, grupo_id) VALUES (320, 'Empada de frango pré-cozida', 6);
INSERT INTO produtos (id, nome, grupo_id) VALUES (321, 'Empada de frango pré-cozida assada', 6);
INSERT INTO produtos (id, nome, grupo_id) VALUES (322, 'Frango asa com pele crua', 6);
INSERT INTO produtos (id, nome, grupo_id) VALUES (323, 'Frango caipira inteiro com pele cozido', 6);
INSERT INTO produtos (id, nome, grupo_id) VALUES (324, 'Frango caipira inteiro sem pele cozido', 6);
INSERT INTO produtos (id, nome, grupo_id) VALUES (325, 'Frango coração cru', 6);
INSERT INTO produtos (id, nome, grupo_id) VALUES (326, 'Frango coração grelhado', 6);
INSERT INTO produtos (id, nome, grupo_id) VALUES (327, 'Frango coxa com pele assada', 6);
INSERT INTO produtos (id, nome, grupo_id) VALUES (328, 'Frango coxa com pele crua', 6);
INSERT INTO produtos (id, nome, grupo_id) VALUES (329, 'Frango coxa sem pele cozida', 6);
INSERT INTO produtos (id, nome, grupo_id) VALUES (330, 'Frango coxa sem pele crua', 6);
INSERT INTO produtos (id, nome, grupo_id) VALUES (331, 'Frango filé à milanesa', 6);
INSERT INTO produtos (id, nome, grupo_id) VALUES (332, 'Frango fígado cru', 6);
INSERT INTO produtos (id, nome, grupo_id) VALUES (333, 'Frango inteiro com pele cru', 6);
INSERT INTO produtos (id, nome, grupo_id) VALUES (334, 'Frango inteiro sem pele assado', 6);
INSERT INTO produtos (id, nome, grupo_id) VALUES (335, 'Frango inteiro sem pele cozido', 6);
INSERT INTO produtos (id, nome, grupo_id) VALUES (336, 'Frango inteiro sem pele cru', 6);
INSERT INTO produtos (id, nome, grupo_id) VALUES (337, 'Frango peito com pele assado', 6);
INSERT INTO produtos (id, nome, grupo_id) VALUES (338, 'Frango peito com pele cru', 6);
INSERT INTO produtos (id, nome, grupo_id) VALUES (339, 'Frango peito sem pele cozido', 6);
INSERT INTO produtos (id, nome, grupo_id) VALUES (340, 'Frango peito sem pele cru', 6);
INSERT INTO produtos (id, nome, grupo_id) VALUES (341, 'Frango peito sem pele grelhado', 6);
INSERT INTO produtos (id, nome, grupo_id) VALUES (342, 'Frango sobrecoxa com pele assada', 6);
INSERT INTO produtos (id, nome, grupo_id) VALUES (343, 'Frango sobrecoxa com pele crua', 6);
INSERT INTO produtos (id, nome, grupo_id) VALUES (344, 'Frango sobrecoxa sem pele assada', 6);
INSERT INTO produtos (id, nome, grupo_id) VALUES (345, 'Frango sobrecoxa sem pele crua', 6);
INSERT INTO produtos (id, nome, grupo_id) VALUES (346, 'Hambúrguer bovino cru', 6);
INSERT INTO produtos (id, nome, grupo_id) VALUES (347, 'Hambúrguer bovino frito', 6);
INSERT INTO produtos (id, nome, grupo_id) VALUES (348, 'Hambúrguer bovino grelhado', 6);
INSERT INTO produtos (id, nome, grupo_id) VALUES (349, 'Lingüiça frango crua', 6);
INSERT INTO produtos (id, nome, grupo_id) VALUES (350, 'Lingüiça frango frita', 6);
INSERT INTO produtos (id, nome, grupo_id) VALUES (351, 'Lingüiça frango grelhada', 6);
INSERT INTO produtos (id, nome, grupo_id) VALUES (352, 'Lingüiça porco crua', 6);
INSERT INTO produtos (id, nome, grupo_id) VALUES (353, 'Lingüiça porco frita', 6);
INSERT INTO produtos (id, nome, grupo_id) VALUES (354, 'Lingüiça porco grelhada', 6);
INSERT INTO produtos (id, nome, grupo_id) VALUES (355, 'Mortadela', 6);
INSERT INTO produtos (id, nome, grupo_id) VALUES (356, 'Peru congelado assado', 6);
INSERT INTO produtos (id, nome, grupo_id) VALUES (357, 'Peru congelado cru', 6);
INSERT INTO produtos (id, nome, grupo_id) VALUES (358, 'Porco bisteca crua', 6);
INSERT INTO produtos (id, nome, grupo_id) VALUES (359, 'Porco bisteca frita', 6);
INSERT INTO produtos (id, nome, grupo_id) VALUES (360, 'Porco bisteca grelhada', 6);
INSERT INTO produtos (id, nome, grupo_id) VALUES (361, 'Porco costela assada', 6);
INSERT INTO produtos (id, nome, grupo_id) VALUES (362, 'Porco costela crua', 6);
INSERT INTO produtos (id, nome, grupo_id) VALUES (363, 'Porco lombo assado', 6);
INSERT INTO produtos (id, nome, grupo_id) VALUES (364, 'Porco lombo cru', 6);
INSERT INTO produtos (id, nome, grupo_id) VALUES (365, 'Porco orelha salgada crua', 6);
INSERT INTO produtos (id, nome, grupo_id) VALUES (366, 'Porco pernil assado', 6);
INSERT INTO produtos (id, nome, grupo_id) VALUES (367, 'Porco pernil cru', 6);
INSERT INTO produtos (id, nome, grupo_id) VALUES (368, 'Porco rabo salgado cru', 6);
INSERT INTO produtos (id, nome, grupo_id) VALUES (369, 'Presunto com capa de gordura', 6);
INSERT INTO produtos (id, nome, grupo_id) VALUES (370, 'Presunto sem capa de gordura', 6);
INSERT INTO produtos (id, nome, grupo_id) VALUES (371, 'Quibe assado', 6);
INSERT INTO produtos (id, nome, grupo_id) VALUES (372, 'Quibe cru', 6);
INSERT INTO produtos (id, nome, grupo_id) VALUES (373, 'Quibe frito', 6);
INSERT INTO produtos (id, nome, grupo_id) VALUES (374, 'Salame', 6);
INSERT INTO produtos (id, nome, grupo_id) VALUES (375, 'Toucinho cru', 6);
INSERT INTO produtos (id, nome, grupo_id) VALUES (376, 'Toucinho frito', 6);
INSERT INTO produtos (id, nome, grupo_id) VALUES (377, 'Bebida láctea pêssego', 7);
INSERT INTO produtos (id, nome, grupo_id) VALUES (378, 'Creme de Leite', 7);
INSERT INTO produtos (id, nome, grupo_id) VALUES (379, 'Iogurte natural', 7);
INSERT INTO produtos (id, nome, grupo_id) VALUES (380, 'Iogurte natural desnatado', 7);
INSERT INTO produtos (id, nome, grupo_id) VALUES (381, 'Iogurte sabor abacaxi', 7);
INSERT INTO produtos (id, nome, grupo_id) VALUES (382, 'Iogurte sabor morango', 7);
INSERT INTO produtos (id, nome, grupo_id) VALUES (383, 'Iogurte sabor pêssego', 7);
INSERT INTO produtos (id, nome, grupo_id) VALUES (384, 'Leite condensado', 7);
INSERT INTO produtos (id, nome, grupo_id) VALUES (385, 'Leite de cabra', 7);
INSERT INTO produtos (id, nome, grupo_id) VALUES (386, 'Leite de vaca achocolatado', 7);
INSERT INTO produtos (id, nome, grupo_id) VALUES (387, 'Leite de vaca desnatado UHT', 7);
INSERT INTO produtos (id, nome, grupo_id) VALUES (388, 'Leite de vaca desnatado pó', 7);
INSERT INTO produtos (id, nome, grupo_id) VALUES (389, 'Leite de vaca integral', 7);
INSERT INTO produtos (id, nome, grupo_id) VALUES (390, 'Leite de vaca integral pó', 7);
INSERT INTO produtos (id, nome, grupo_id) VALUES (391, 'Leite fermentado', 7);
INSERT INTO produtos (id, nome, grupo_id) VALUES (392, 'Queijo minas frescal', 7);
INSERT INTO produtos (id, nome, grupo_id) VALUES (393, 'Queijo minas meia cura', 7);
INSERT INTO produtos (id, nome, grupo_id) VALUES (394, 'Queijo mozarela', 7);
INSERT INTO produtos (id, nome, grupo_id) VALUES (395, 'Queijo parmesão', 7);
INSERT INTO produtos (id, nome, grupo_id) VALUES (396, 'Queijo pasteurizado', 7);
INSERT INTO produtos (id, nome, grupo_id) VALUES (397, 'Queijo petit suisse morango', 7);
INSERT INTO produtos (id, nome, grupo_id) VALUES (398, 'Queijo prato', 7);
INSERT INTO produtos (id, nome, grupo_id) VALUES (399, 'Queijo requeijão cremoso', 7);
INSERT INTO produtos (id, nome, grupo_id) VALUES (400, 'Queijo ricota', 7);
INSERT INTO produtos (id, nome, grupo_id) VALUES (401, 'Omelete de queijo', 8);
INSERT INTO produtos (id, nome, grupo_id) VALUES (402, 'Ovo de codorna inteiro cru', 8);
INSERT INTO produtos (id, nome, grupo_id) VALUES (403, 'Ovo de galinha clara cozida/10minutos', 8);
INSERT INTO produtos (id, nome, grupo_id) VALUES (404, 'Ovo de galinha gema cozida/10minutos', 8);
INSERT INTO produtos (id, nome, grupo_id) VALUES (405, 'Ovo de galinha inteiro cozido/10minutos', 8);
INSERT INTO produtos (id, nome, grupo_id) VALUES (406, 'Ovo de galinha inteiro cru', 8);
INSERT INTO produtos (id, nome, grupo_id) VALUES (407, 'Ovo de galinha inteiro frito', 8);
INSERT INTO produtos (id, nome, grupo_id) VALUES (408, 'Achocolatado pó', 9);
INSERT INTO produtos (id, nome, grupo_id) VALUES (409, 'Açúcar cristal', 9);
INSERT INTO produtos (id, nome, grupo_id) VALUES (410, 'Açúcar mascavo', 9);
INSERT INTO produtos (id, nome, grupo_id) VALUES (411, 'Açúcar refinado', 9);
INSERT INTO produtos (id, nome, grupo_id) VALUES (412, 'Chocolate ao leite', 9);
INSERT INTO produtos (id, nome, grupo_id) VALUES (413, 'Chocolate ao leite com castanha do Pará', 9);
INSERT INTO produtos (id, nome, grupo_id) VALUES (414, 'Chocolate ao leite dietético', 9);
INSERT INTO produtos (id, nome, grupo_id) VALUES (415, 'Chocolate meio amargo', 9);
INSERT INTO produtos (id, nome, grupo_id) VALUES (416, 'Cocada branca', 9);
INSERT INTO produtos (id, nome, grupo_id) VALUES (417, 'Doce de abóbora cremoso', 9);
INSERT INTO produtos (id, nome, grupo_id) VALUES (418, 'Doce de leite cremoso', 9);
INSERT INTO produtos (id, nome, grupo_id) VALUES (419, 'Geléia mocotó natural', 9);
INSERT INTO produtos (id, nome, grupo_id) VALUES (420, 'Glicose de milho', 9);
INSERT INTO produtos (id, nome, grupo_id) VALUES (421, 'Maria mole', 9);
INSERT INTO produtos (id, nome, grupo_id) VALUES (422, 'Maria mole coco queimado', 9);
INSERT INTO produtos (id, nome, grupo_id) VALUES (423, 'Marmelada', 9);
INSERT INTO produtos (id, nome, grupo_id) VALUES (424, 'Mel de abelha', 9);
INSERT INTO produtos (id, nome, grupo_id) VALUES (425, 'Melado', 9);
INSERT INTO produtos (id, nome, grupo_id) VALUES (426, 'Quindim', 9);
INSERT INTO produtos (id, nome, grupo_id) VALUES (427, 'Rapadura', 9);
INSERT INTO produtos (id, nome, grupo_id) VALUES (428, 'Café pó torrado', 10);
INSERT INTO produtos (id, nome, grupo_id) VALUES (429, 'Capuccino pó', 10);
INSERT INTO produtos (id, nome, grupo_id) VALUES (430, 'Fermento biológico levedura tablete', 10);
INSERT INTO produtos (id, nome, grupo_id) VALUES (431, 'Fermento em pó químico', 10);
INSERT INTO produtos (id, nome, grupo_id) VALUES (432, 'Gelatina sabores variados pó', 10);
INSERT INTO produtos (id, nome, grupo_id) VALUES (433, 'Sal dietético', 10);
INSERT INTO produtos (id, nome, grupo_id) VALUES (434, 'Sal grosso', 10);
INSERT INTO produtos (id, nome, grupo_id) VALUES (435, 'Shoyu', 10);
INSERT INTO produtos (id, nome, grupo_id) VALUES (436, 'Tempero a base de sal', 10);
INSERT INTO produtos (id, nome, grupo_id) VALUES (437, 'Azeitona preta conserva', 11);
INSERT INTO produtos (id, nome, grupo_id) VALUES (438, 'Azeitona verde conserva', 11);
INSERT INTO produtos (id, nome, grupo_id) VALUES (439, 'Chantilly spray com gordura vegetal', 11);
INSERT INTO produtos (id, nome, grupo_id) VALUES (440, 'Leite de coco', 11);
INSERT INTO produtos (id, nome, grupo_id) VALUES (441, 'Maionese tradicional com ovos', 11);
INSERT INTO produtos (id, nome, grupo_id) VALUES (442, 'Acarajé', 12);
INSERT INTO produtos (id, nome, grupo_id) VALUES (443, 'Arroz carreteiro', 12);
INSERT INTO produtos (id, nome, grupo_id) VALUES (444, 'Baião de dois arroz e feijão-de-corda', 12);
INSERT INTO produtos (id, nome, grupo_id) VALUES (445, 'Barreado', 12);
INSERT INTO produtos (id, nome, grupo_id) VALUES (446, 'Bife à cavalo com contra filé', 12);
INSERT INTO produtos (id, nome, grupo_id) VALUES (447, 'Bolinho de arroz', 12);
INSERT INTO produtos (id, nome, grupo_id) VALUES (448, 'Camarão à baiana', 12);
INSERT INTO produtos (id, nome, grupo_id) VALUES (449, 'Charuto de repolho', 12);
INSERT INTO produtos (id, nome, grupo_id) VALUES (450, 'Cuscuz de milho cozido com sal', 12);
INSERT INTO produtos (id, nome, grupo_id) VALUES (451, 'Cuscuz paulista', 12);
INSERT INTO produtos (id, nome, grupo_id) VALUES (452, 'Cuxá molho', 12);
INSERT INTO produtos (id, nome, grupo_id) VALUES (453, 'Dobradinha', 12);
INSERT INTO produtos (id, nome, grupo_id) VALUES (454, 'Estrogonofe de carne', 12);
INSERT INTO produtos (id, nome, grupo_id) VALUES (455, 'Estrogonofe de frango', 12);
INSERT INTO produtos (id, nome, grupo_id) VALUES (456, 'Feijoada', 12);
INSERT INTO produtos (id, nome, grupo_id) VALUES (457, 'Feijão tropeiro mineiro', 12);
INSERT INTO produtos (id, nome, grupo_id) VALUES (458, 'Frango com açafrão', 12);
INSERT INTO produtos (id, nome, grupo_id) VALUES (459, 'Macarrão molho bolognesa', 12);
INSERT INTO produtos (id, nome, grupo_id) VALUES (460, 'Maniçoba', 12);
INSERT INTO produtos (id, nome, grupo_id) VALUES (461, 'Quibebe', 12);
INSERT INTO produtos (id, nome, grupo_id) VALUES (462, 'Salada de legumes com maionese', 12);
INSERT INTO produtos (id, nome, grupo_id) VALUES (463, 'Salada de legumes cozida no vapor', 12);
INSERT INTO produtos (id, nome, grupo_id) VALUES (464, 'Salpicão de frango', 12);
INSERT INTO produtos (id, nome, grupo_id) VALUES (465, 'Sarapatel', 12);
INSERT INTO produtos (id, nome, grupo_id) VALUES (466, 'Tabule', 12);
INSERT INTO produtos (id, nome, grupo_id) VALUES (467, 'Tacacá', 12);
INSERT INTO produtos (id, nome, grupo_id) VALUES (468, 'Tapioca com manteiga', 12);
INSERT INTO produtos (id, nome, grupo_id) VALUES (469, 'Tucupi com pimenta-de-cheiro', 12);
INSERT INTO produtos (id, nome, grupo_id) VALUES (470, 'Vaca atolada', 12);
INSERT INTO produtos (id, nome, grupo_id) VALUES (471, 'Vatapá', 12);
INSERT INTO produtos (id, nome, grupo_id) VALUES (472, 'Virado à paulista', 12);
INSERT INTO produtos (id, nome, grupo_id) VALUES (473, 'Yakisoba', 12);
INSERT INTO produtos (id, nome, grupo_id) VALUES (474, 'Amendoim grão cru', 13);
INSERT INTO produtos (id, nome, grupo_id) VALUES (475, 'Amendoim torrado salgado', 13);
INSERT INTO produtos (id, nome, grupo_id) VALUES (476, 'Ervilha em vagem', 13);
INSERT INTO produtos (id, nome, grupo_id) VALUES (477, 'Ervilha enlatada drenada', 13);
INSERT INTO produtos (id, nome, grupo_id) VALUES (478, 'Feijão carioca cozido', 13);
INSERT INTO produtos (id, nome, grupo_id) VALUES (479, 'Feijão carioca cru', 13);
INSERT INTO produtos (id, nome, grupo_id) VALUES (480, 'Feijão fradinho cozido', 13);
INSERT INTO produtos (id, nome, grupo_id) VALUES (481, 'Feijão fradinho cru', 13);
INSERT INTO produtos (id, nome, grupo_id) VALUES (482, 'Feijão jalo cozido', 13);
INSERT INTO produtos (id, nome, grupo_id) VALUES (483, 'Feijão jalo cru', 13);
INSERT INTO produtos (id, nome, grupo_id) VALUES (484, 'Feijão preto cozido', 13);
INSERT INTO produtos (id, nome, grupo_id) VALUES (485, 'Feijão preto cru', 13);
INSERT INTO produtos (id, nome, grupo_id) VALUES (486, 'Feijão rajado cozido', 13);
INSERT INTO produtos (id, nome, grupo_id) VALUES (487, 'Feijão rajado cru', 13);
INSERT INTO produtos (id, nome, grupo_id) VALUES (488, 'Feijão rosinha cozido', 13);
INSERT INTO produtos (id, nome, grupo_id) VALUES (489, 'Feijão rosinha cru', 13);
INSERT INTO produtos (id, nome, grupo_id) VALUES (490, 'Feijão roxo cozido', 13);
INSERT INTO produtos (id, nome, grupo_id) VALUES (491, 'Feijão roxo cru', 13);
INSERT INTO produtos (id, nome, grupo_id) VALUES (492, 'Grão-de-bico cru', 13);
INSERT INTO produtos (id, nome, grupo_id) VALUES (493, 'Guandu cru', 13);
INSERT INTO produtos (id, nome, grupo_id) VALUES (494, 'Lentilha cozida', 13);
INSERT INTO produtos (id, nome, grupo_id) VALUES (495, 'Lentilha crua', 13);
INSERT INTO produtos (id, nome, grupo_id) VALUES (496, 'Paçoca amendoim', 13);
INSERT INTO produtos (id, nome, grupo_id) VALUES (497, 'Pé-de-moleque amendoim', 13);
INSERT INTO produtos (id, nome, grupo_id) VALUES (498, 'Soja extrato solúvel natural fluido', 13);
INSERT INTO produtos (id, nome, grupo_id) VALUES (499, 'Soja extrato solúvel pó', 13);
INSERT INTO produtos (id, nome, grupo_id) VALUES (500, 'Soja farinha', 13);
INSERT INTO produtos (id, nome, grupo_id) VALUES (501, 'Soja queijo (tofu)', 13);
INSERT INTO produtos (id, nome, grupo_id) VALUES (502, 'Tremoço cru', 13);
INSERT INTO produtos (id, nome, grupo_id) VALUES (503, 'Tremoço em conserva', 13);
INSERT INTO produtos (id, nome, grupo_id) VALUES (504, 'Amêndoa torrada salgada', 14);
INSERT INTO produtos (id, nome, grupo_id) VALUES (505, 'Castanha-de-caju torrada salgada', 14);
INSERT INTO produtos (id, nome, grupo_id) VALUES (506, 'Castanha-do-Brasil crua', 14);
INSERT INTO produtos (id, nome, grupo_id) VALUES (507, 'Coco  verde cru', 14);
INSERT INTO produtos (id, nome, grupo_id) VALUES (508, 'Coco cru', 14);
INSERT INTO produtos (id, nome, grupo_id) VALUES (509, 'Coco verde cru', 14);
INSERT INTO produtos (id, nome, grupo_id) VALUES (510, 'Farinha de mesocarpo de babaçu crua', 14);
INSERT INTO produtos (id, nome, grupo_id) VALUES (511, 'Gergelim semente', 14);
INSERT INTO produtos (id, nome, grupo_id) VALUES (512, 'Linhaça semente', 14);
INSERT INTO produtos (id, nome, grupo_id) VALUES (513, 'Noz crua', 14);
INSERT INTO produtos (id, nome, grupo_id) VALUES (514, 'Pinhão cozido', 14);
INSERT INTO produtos (id, nome, grupo_id) VALUES (515, 'Pupunha cozida', 14);
INSERT INTO produtos (id, nome, grupo_id) VALUES (516, 'Abacate cru', 15);
INSERT INTO produtos (id, nome, grupo_id) VALUES (517, 'Abacaxi cru', 15);
INSERT INTO produtos (id, nome, grupo_id) VALUES (518, 'Abacaxi polpa congelada', 15);
INSERT INTO produtos (id, nome, grupo_id) VALUES (519, 'Abiu cru', 15);
INSERT INTO produtos (id, nome, grupo_id) VALUES (520, 'Acerola crua', 15);
INSERT INTO produtos (id, nome, grupo_id) VALUES (521, 'Acerola polpa congelada', 15);
INSERT INTO produtos (id, nome, grupo_id) VALUES (522, 'Ameixa calda enlatada', 15);
INSERT INTO produtos (id, nome, grupo_id) VALUES (523, 'Ameixa crua', 15);
INSERT INTO produtos (id, nome, grupo_id) VALUES (524, 'Ameixa em calda enlatada drenada', 15);
INSERT INTO produtos (id, nome, grupo_id) VALUES (525, 'Atemóia crua', 15);
INSERT INTO produtos (id, nome, grupo_id) VALUES (526, 'Açaí polpa com xarope de guaraná e glucose', 15);
INSERT INTO produtos (id, nome, grupo_id) VALUES (527, 'Açaí polpa congelada', 15);
INSERT INTO produtos (id, nome, grupo_id) VALUES (528, 'Banana da terra crua', 15);
INSERT INTO produtos (id, nome, grupo_id) VALUES (529, 'Banana doce em barra', 15);
INSERT INTO produtos (id, nome, grupo_id) VALUES (530, 'Banana figo crua', 15);
INSERT INTO produtos (id, nome, grupo_id) VALUES (531, 'Banana maçã crua', 15);
INSERT INTO produtos (id, nome, grupo_id) VALUES (532, 'Banana nanica crua', 15);
INSERT INTO produtos (id, nome, grupo_id) VALUES (533, 'Banana ouro crua', 15);
INSERT INTO produtos (id, nome, grupo_id) VALUES (534, 'Banana pacova crua', 15);
INSERT INTO produtos (id, nome, grupo_id) VALUES (535, 'Banana prata crua', 15);
INSERT INTO produtos (id, nome, grupo_id) VALUES (536, 'Cacau cru', 15);
INSERT INTO produtos (id, nome, grupo_id) VALUES (537, 'Caju cru', 15);
INSERT INTO produtos (id, nome, grupo_id) VALUES (538, 'Caju polpa congelada', 15);
INSERT INTO produtos (id, nome, grupo_id) VALUES (539, 'Caju suco concentrado envasado', 15);
INSERT INTO produtos (id, nome, grupo_id) VALUES (540, 'Cajá polpa congelada', 15);
INSERT INTO produtos (id, nome, grupo_id) VALUES (541, 'Cajá-Manga cru', 15);
INSERT INTO produtos (id, nome, grupo_id) VALUES (542, 'Caqui chocolate cru', 15);
INSERT INTO produtos (id, nome, grupo_id) VALUES (543, 'Carambola crua', 15);
INSERT INTO produtos (id, nome, grupo_id) VALUES (544, 'Ciriguela crua', 15);
INSERT INTO produtos (id, nome, grupo_id) VALUES (545, 'Cupuaçu cru', 15);
INSERT INTO produtos (id, nome, grupo_id) VALUES (546, 'Cupuaçu polpa congelada', 15);
INSERT INTO produtos (id, nome, grupo_id) VALUES (547, 'Figo cru', 15);
INSERT INTO produtos (id, nome, grupo_id) VALUES (548, 'Figo enlatado em calda', 15);
INSERT INTO produtos (id, nome, grupo_id) VALUES (549, 'Fruta-pão crua', 15);
INSERT INTO produtos (id, nome, grupo_id) VALUES (550, 'Goiaba branca com casca crua', 15);
INSERT INTO produtos (id, nome, grupo_id) VALUES (551, 'Goiaba doce cascão', 15);
INSERT INTO produtos (id, nome, grupo_id) VALUES (552, 'Goiaba doce em pasta', 15);
INSERT INTO produtos (id, nome, grupo_id) VALUES (553, 'Goiaba vermelha com casca crua', 15);
INSERT INTO produtos (id, nome, grupo_id) VALUES (554, 'Graviola crua', 15);
INSERT INTO produtos (id, nome, grupo_id) VALUES (555, 'Graviola polpa congelada', 15);
INSERT INTO produtos (id, nome, grupo_id) VALUES (556, 'Jabuticaba crua', 15);
INSERT INTO produtos (id, nome, grupo_id) VALUES (557, 'Jaca crua', 15);
INSERT INTO produtos (id, nome, grupo_id) VALUES (558, 'Jambo cru', 15);
INSERT INTO produtos (id, nome, grupo_id) VALUES (559, 'Jamelão cru', 15);
INSERT INTO produtos (id, nome, grupo_id) VALUES (560, 'Kiwi cru', 15);
INSERT INTO produtos (id, nome, grupo_id) VALUES (561, 'Laranja baía crua', 15);
INSERT INTO produtos (id, nome, grupo_id) VALUES (562, 'Laranja baía suco', 15);
INSERT INTO produtos (id, nome, grupo_id) VALUES (563, 'Laranja da terra crua', 15);
INSERT INTO produtos (id, nome, grupo_id) VALUES (564, 'Laranja da terra suco', 15);
INSERT INTO produtos (id, nome, grupo_id) VALUES (565, 'Laranja lima crua', 15);
INSERT INTO produtos (id, nome, grupo_id) VALUES (566, 'Laranja lima suco', 15);
INSERT INTO produtos (id, nome, grupo_id) VALUES (567, 'Laranja pêra crua', 15);
INSERT INTO produtos (id, nome, grupo_id) VALUES (568, 'Laranja pêra suco', 15);
INSERT INTO produtos (id, nome, grupo_id) VALUES (569, 'Laranja valência crua', 15);
INSERT INTO produtos (id, nome, grupo_id) VALUES (570, 'Laranja valência suco', 15);
INSERT INTO produtos (id, nome, grupo_id) VALUES (571, 'Limão cravo suco', 15);
INSERT INTO produtos (id, nome, grupo_id) VALUES (572, 'Limão galego suco', 15);
INSERT INTO produtos (id, nome, grupo_id) VALUES (573, 'Limão tahiti cru', 15);
INSERT INTO produtos (id, nome, grupo_id) VALUES (574, 'Macaúba crua', 15);
INSERT INTO produtos (id, nome, grupo_id) VALUES (575, 'Mamão Formosa cru', 15);
INSERT INTO produtos (id, nome, grupo_id) VALUES (576, 'Mamão Papaia cru', 15);
INSERT INTO produtos (id, nome, grupo_id) VALUES (577, 'Mamão doce em calda drenado', 15);
INSERT INTO produtos (id, nome, grupo_id) VALUES (578, 'Mamão verde doce em calda drenado', 15);
INSERT INTO produtos (id, nome, grupo_id) VALUES (579, 'Manga Haden crua', 15);
INSERT INTO produtos (id, nome, grupo_id) VALUES (580, 'Manga Palmer crua', 15);
INSERT INTO produtos (id, nome, grupo_id) VALUES (581, 'Manga Tommy Atkins crua', 15);
INSERT INTO produtos (id, nome, grupo_id) VALUES (582, 'Manga polpa congelada', 15);
INSERT INTO produtos (id, nome, grupo_id) VALUES (583, 'Maracujá cru', 15);
INSERT INTO produtos (id, nome, grupo_id) VALUES (584, 'Maracujá polpa congelada', 15);
INSERT INTO produtos (id, nome, grupo_id) VALUES (585, 'Maracujá suco concentrado envasado', 15);
INSERT INTO produtos (id, nome, grupo_id) VALUES (586, 'Maçã Argentina com casca crua', 15);
INSERT INTO produtos (id, nome, grupo_id) VALUES (587, 'Maçã Fuji com casca crua', 15);
INSERT INTO produtos (id, nome, grupo_id) VALUES (588, 'Melancia crua', 15);
INSERT INTO produtos (id, nome, grupo_id) VALUES (589, 'Melão cru', 15);
INSERT INTO produtos (id, nome, grupo_id) VALUES (590, 'Mexerica Murcote crua', 15);
INSERT INTO produtos (id, nome, grupo_id) VALUES (591, 'Mexerica Rio crua', 15);
INSERT INTO produtos (id, nome, grupo_id) VALUES (592, 'Morango cru', 15);
INSERT INTO produtos (id, nome, grupo_id) VALUES (593, 'Nêspera crua', 15);
INSERT INTO produtos (id, nome, grupo_id) VALUES (594, 'Pequi cru', 15);
INSERT INTO produtos (id, nome, grupo_id) VALUES (595, 'Pinha crua', 15);
INSERT INTO produtos (id, nome, grupo_id) VALUES (596, 'Pitanga crua', 15);
INSERT INTO produtos (id, nome, grupo_id) VALUES (597, 'Pitanga polpa congelada', 15);
INSERT INTO produtos (id, nome, grupo_id) VALUES (598, 'Pêra Park crua', 15);
INSERT INTO produtos (id, nome, grupo_id) VALUES (599, 'Pêra Williams crua', 15);
INSERT INTO produtos (id, nome, grupo_id) VALUES (600, 'Pêssego Aurora cru', 15);
INSERT INTO produtos (id, nome, grupo_id) VALUES (601, 'Pêssego enlatado em calda', 15);
INSERT INTO produtos (id, nome, grupo_id) VALUES (602, 'Romã crua', 15);
INSERT INTO produtos (id, nome, grupo_id) VALUES (603, 'Tamarindo cru', 15);
INSERT INTO produtos (id, nome, grupo_id) VALUES (604, 'Tangerina Poncã crua', 15);
INSERT INTO produtos (id, nome, grupo_id) VALUES (605, 'Tangerina Poncã suco', 15);
INSERT INTO produtos (id, nome, grupo_id) VALUES (606, 'Tucumã cru', 15);
INSERT INTO produtos (id, nome, grupo_id) VALUES (607, 'Umbu cru', 15);
INSERT INTO produtos (id, nome, grupo_id) VALUES (608, 'Umbu polpa congelada', 15);
INSERT INTO produtos (id, nome, grupo_id) VALUES (609, 'Uva Itália crua', 15);
INSERT INTO produtos (id, nome, grupo_id) VALUES (610, 'Uva Rubi crua', 15);
INSERT INTO produtos (id, nome, grupo_id) VALUES (611, 'Uva suco concentrado envasado', 15);
INSERT INTO produtos (id, nome, grupo_id) VALUES (612, 'Bebida isotônica sabores variados', 16);
INSERT INTO produtos (id, nome, grupo_id) VALUES (613, 'Café infusão 10%', 16);
INSERT INTO produtos (id, nome, grupo_id) VALUES (614, 'Cana aguardente 1', 16);
INSERT INTO produtos (id, nome, grupo_id) VALUES (615, 'Cana caldo de', 16);
INSERT INTO produtos (id, nome, grupo_id) VALUES (616, 'Cerveja pilsen 2', 16);
INSERT INTO produtos (id, nome, grupo_id) VALUES (617, 'Chá erva-doce infusão 5%', 16);
INSERT INTO produtos (id, nome, grupo_id) VALUES (618, 'Chá mate infusão 5%', 16);
INSERT INTO produtos (id, nome, grupo_id) VALUES (619, 'Chá preto infusão 5%', 16);
INSERT INTO produtos (id, nome, grupo_id) VALUES (620, 'Coco água de', 16);
INSERT INTO produtos (id, nome, grupo_id) VALUES (621, 'Refrigerante tipo cola', 16);
INSERT INTO produtos (id, nome, grupo_id) VALUES (622, 'Refrigerante tipo guaraná', 16);
INSERT INTO produtos (id, nome, grupo_id) VALUES (623, 'Refrigerante tipo laranja', 16);
INSERT INTO produtos (id, nome, grupo_id) VALUES (624, 'Refrigerante tipo limão', 16);
INSERT INTO produtos (id, nome, grupo_id) VALUES (625, 'Refrigerante tipo água tônica', 16);

COMMIT;