BEGIN;

-- ===== USER PROFILES =====
INSERT INTO public.profiles (name, description, active) 
VALUES 
('Estoquista', 'Acesso de estoque', true), 
('Gestor', 'Acesso de gerenciamento', true), 
('Cozinheiro', 'Acesso de cozinha', true);

-- ===== FUNCTIONALITIES =====
INSERT INTO public.functionalities (name, description, code, active) 
VALUES 
-- Dashboard
('Dashboard Gestor', 'Visualização do painel do gestor', 'DASHBOARD:MANAGER', true),
('Dashboard Estoquista', 'Visualização do painel do estoquista', 'DASHBOARD:STOCK', true),
('Dashboard Cozinheiro', 'Visualização do painel do cozinheiro', 'DASHBOARD:KITCHEN', true),
-- Membros
('Membros - Visualizar', 'Visualização de membros da organização', 'MEMBERS:READ', true),
('Membros - Gerenciar', 'Gerenciamento de membros da organização', 'MEMBERS:WRITE', true),
-- Convites
('Convites - Visualizar', 'Visualização de convites', 'INVITES:READ', true),
('Convites - Gerenciar', 'Gerenciamento de convites', 'INVITES:WRITE', true),
-- Organizações
('Organizações - Visualizar', 'Visualização de organizações', 'ORGANIZATIONS:READ', true),
('Organizações - Gerenciar', 'Gerenciamento de organizações', 'ORGANIZATIONS:WRITE', true),
-- Departamentos
('Departamentos - Visualizar', 'Visualização de departamentos', 'DEPARTMENTS:READ', true),
('Departamentos - Gerenciar', 'Gerenciamento de departamentos', 'DEPARTMENTS:WRITE', true),
-- Etiquetas
('Etiquetas - Visualizar', 'Visualização de etiquetas', 'LABELS:READ', true),
('Etiquetas - Gerenciar', 'Geração e impressão de etiquetas', 'LABELS:WRITE', true),
-- Estoque
('Estoque - Visualizar', 'Visualização do estoque', 'STOCK:READ', true),
('Estoque - Gerenciar', 'Gerenciamento de estoque', 'STOCK:WRITE', true),
-- Fichas Técnicas
('Fichas Técnicas - Visualizar', 'Visualização de fichas técnicas', 'TECHNICAL_SHEETS:READ', true),
('Fichas Técnicas - Gerenciar', 'Gerenciamento de fichas técnicas', 'TECHNICAL_SHEETS:WRITE', true);

-- ===== PERMISSIONS =====
-- Usando o campo code para referenciar funcionalidades
INSERT INTO public.permissions (functionality_id, profile_id, action, active) 
VALUES 
-- Estoquista - Acesso apenas ao estoque
((SELECT id FROM public.functionalities WHERE code = 'STOCK:READ'), (SELECT id FROM public.profiles WHERE name = 'Estoquista'), 'granted', true),
((SELECT id FROM public.functionalities WHERE code = 'STOCK:WRITE'), (SELECT id FROM public.profiles WHERE name = 'Estoquista'), 'granted', true),
((SELECT id FROM public.functionalities WHERE code = 'DASHBOARD:STOCK'), (SELECT id FROM public.profiles WHERE name = 'Estoquista'), 'granted', true),

-- Cozinheiro - Acesso apenas ao estoque
((SELECT id FROM public.functionalities WHERE code = 'STOCK:READ'), (SELECT id FROM public.profiles WHERE name = 'Cozinheiro'), 'granted', true),
((SELECT id FROM public.functionalities WHERE code = 'STOCK:WRITE'), (SELECT id FROM public.profiles WHERE name = 'Cozinheiro'), 'granted', true),
((SELECT id FROM public.functionalities WHERE code = 'DASHBOARD:KITCHEN'), (SELECT id FROM public.profiles WHERE name = 'Cozinheiro'), 'granted', true),

-- Gestor - Acesso completo a todas as funcionalidades
((SELECT id FROM public.functionalities WHERE code = 'DASHBOARD:MANAGER'), (SELECT id FROM public.profiles WHERE name = 'Gestor'), 'granted', true),
((SELECT id FROM public.functionalities WHERE code = 'MEMBERS:READ'), (SELECT id FROM public.profiles WHERE name = 'Gestor'), 'granted', true),
((SELECT id FROM public.functionalities WHERE code = 'MEMBERS:WRITE'), (SELECT id FROM public.profiles WHERE name = 'Gestor'), 'granted', true),
((SELECT id FROM public.functionalities WHERE code = 'INVITES:READ'), (SELECT id FROM public.profiles WHERE name = 'Gestor'), 'granted', true),
((SELECT id FROM public.functionalities WHERE code = 'INVITES:WRITE'), (SELECT id FROM public.profiles WHERE name = 'Gestor'), 'granted', true),
((SELECT id FROM public.functionalities WHERE code = 'ORGANIZATIONS:READ'), (SELECT id FROM public.profiles WHERE name = 'Gestor'), 'granted', true),
((SELECT id FROM public.functionalities WHERE code = 'ORGANIZATIONS:WRITE'), (SELECT id FROM public.profiles WHERE name = 'Gestor'), 'granted', true),
((SELECT id FROM public.functionalities WHERE code = 'DEPARTMENTS:READ'), (SELECT id FROM public.profiles WHERE name = 'Gestor'), 'granted', true),
((SELECT id FROM public.functionalities WHERE code = 'DEPARTMENTS:WRITE'), (SELECT id FROM public.profiles WHERE name = 'Gestor'), 'granted', true),
((SELECT id FROM public.functionalities WHERE code = 'LABELS:READ'), (SELECT id FROM public.profiles WHERE name = 'Gestor'), 'granted', true),
((SELECT id FROM public.functionalities WHERE code = 'LABELS:WRITE'), (SELECT id FROM public.profiles WHERE name = 'Gestor'), 'granted', true),
((SELECT id FROM public.functionalities WHERE code = 'STOCK:READ'), (SELECT id FROM public.profiles WHERE name = 'Gestor'), 'granted', true),
((SELECT id FROM public.functionalities WHERE code = 'STOCK:WRITE'), (SELECT id FROM public.profiles WHERE name = 'Gestor'), 'granted', true),
((SELECT id FROM public.functionalities WHERE code = 'TECHNICAL_SHEETS:READ'), (SELECT id FROM public.profiles WHERE name = 'Gestor'), 'granted', true),
((SELECT id FROM public.functionalities WHERE code = 'TECHNICAL_SHEETS:WRITE'), (SELECT id FROM public.profiles WHERE name = 'Gestor'), 'granted', true);


INSERT INTO public.unit_of_measure (code, description) VALUES
    ('un', 'Unidade'),
    ('kg', 'Quilograma'),
    ('g',  'Grama'),
    ('l',  'Litro'),
    ('ml', 'Mililitro'),
    ('cx', 'Caixa'),
    ('pct', 'Pacote')
ON CONFLICT (code) DO NOTHING;

-- ===== PRODUCT GROUPS =====
INSERT INTO public.groups (id, name) VALUES 
(1, 'Cereais e derivados'),
(2, 'Verduras, hortaliças e derivados'),
(3, 'Doces, chocolates e derivados'),
(4, 'Gorduras e óleos'),
(5, 'Pescados e frutos do mar'),
(6, 'Carnes e derivados'),
(7, 'Leite e derivados'),
(8, 'Ovos e derivados'),
(9, 'Açúcares, adoçantes e xaropes'),
(10, 'Ingredientes auxiliares e bases'),
(11, 'Produtos industrializados'),
(12, 'Panificação, massas e bases prontas'),
(13, 'Leguminosas e derivados'),
(14, 'Nozes e sementes'),
(15, 'Frutas e derivados'),
(16, 'Bebidas (alcoólicas e não alcoólicas)'),
(17, 'Conservas e Enlatados'),
(18, 'Congelados e Prontos'),
(19, 'Especiarias e Ervas'),
(20, 'Molhos e Condimentos');

-- ===== PRODUCTS =====
-- Grupo 1: Cereais e derivados
INSERT INTO public.products (name, group_id) VALUES
('Arroz branco tipo 1', 1),
('Arroz parboilizado tipo 1', 1),
('Arroz integral', 1),
('Arroz arbório', 1),
('Quinoa em grãos', 1),
('Farinha de trigo sem fermento', 1),
('Farinha de trigo com fermento', 1),
('Farinha de trigo integral', 1),
('Farinha de mandioca', 1),
('Farinha de arroz', 1),
('Farinha de milho flocada', 1),
('Fubá mimoso', 1),
('Canjiquinha', 1),
('Canjica branca', 1),
('Cuscuz de milho', 1),
('Cuscuz marroquino', 1),
('Aveia em flocos', 1),
('Aveia em flocos finos', 1),
('Macarrão espaguete', 1),
('Macarrão parafuso', 1),
('Macarrão penne', 1),
('Macarrão talharim', 1),
('Macarrão cabelo de anjo', 1),
('Massa seca para lasanha', 1),
('Farinha de rosca', 1),
('Farinha panko', 1),
('Tapioca granulada', 1),
('Polvilho doce', 1),
('Polvilho azedo', 1),
('Trigo para quibe', 1),
('Milho para pipoca', 1);

-- Grupo 2: Verduras, hortaliças e derivados
INSERT INTO public.products (name, group_id) VALUES
('Alface crespa', 2),
('Alface americana', 2),
('Alface lisa', 2),
('Rúcula', 2),
('Agrião', 2),
('Couve-manteiga', 2),
('Acelga', 2),
('Escarola', 2),
('Almeirão', 2),
('Chicória', 2),
('Repolho verde', 2),
('Repolho roxo', 2),
('Espinafre', 2),
('Brócolis', 2),
('Couve-de-bruxelas', 2),
('Couve-flor', 2),
('Tomate', 2),
('Tomate italiano', 2),
('Tomate cereja', 2),
('Tomate grape', 2),
('Cebola branca', 2),
('Cebola roxa', 2),
('Cebola pérola', 2),
('Alho', 2),
('Alho descascado', 2),
('Gengibre in natura', 2),
('Cenoura', 2),
('Beterraba', 2),
('Rabanete', 2),
('Batata inglesa', 2),
('Batata doce', 2),
('Mandioquinha', 2),
('Inhame', 2),
('Mandioca', 2),
('Abobrinha', 2),
('Berinjela', 2),
('Pepino', 2),
('Chuchu', 2),
('Jiló', 2),
('Maxixe', 2),
('Pimentão verde', 2),
('Pimentão vermelho', 2),
('Pimentão amarelo', 2),
('Pimenta de cheiro', 2),
('Pimenta dedo-de-moça', 2),
('Quiabo', 2),
('Vagem', 2),
('Alho-poró', 2),
('Salsão', 2),
('Couve chinesa', 2),
('Taioba', 2),
('Manjericão fresco', 2),
('Alecrim fresco', 2),
('Hortelã fresca', 2),
('Tomilho fresco', 2),
('Sálvia fresca', 2),
('Cebolinha', 2),
('Salsinha', 2),
('Coentro', 2),
('Milho verde in natura', 2),
('Abóbora cabotiá', 2),
('Abóbora moranga', 2),
('Abóbora jacaré', 2);

-- Grupo 3: Doces, chocolates e derivados
INSERT INTO public.products (name, group_id) VALUES
('Cacau em pó 100%', 3),
('Cacau alcalino', 3),
('Chocolate em pó 50%', 3),
('Chocolate em pó 70%', 3),
('Achocolatado em pó', 3),
('Chocolate meio amargo', 3),
('Chocolate ao leite', 3),
('Chocolate branco', 3),
('Chocolate em gotas', 3),
('Chocolate fracionado', 3),
('Cobertura de chocolate', 3),
('Geleia de morango', 3),
('Geleia de uva', 3),
('Geleia de frutas vermelhas', 3),
('Goiabada', 3),
('Marmelada', 3),
('Doce de leite', 3),
('Açúcar invertido', 3),
('Granulado de chocolate', 3),
('Confeito colorido', 3),
('Fondant', 3),
('Pasta americana', 3),
('Coco ralado seco', 3),
('Leite de coco', 3);

-- Grupo 4: Gorduras e óleos
INSERT INTO public.products (name, group_id) VALUES
('Óleo de soja', 4),
('Óleo de milho', 4),
('Óleo de girassol', 4),
('Óleo de canola', 4),
('Óleo de coco', 4),
('Azeite de oliva extravirgem', 4),
('Azeite de dendê', 4),
('Banha suína', 4),
('Manteiga de garrafa', 4),
('Gordura vegetal', 4),
('Margarina culinária', 4),
('Manteiga com sal', 4),
('Manteiga sem sal', 4);

-- Grupo 5: Pescados e frutos do mar
INSERT INTO public.products (name, group_id) VALUES
('Filé de tilápia', 5),
('Filé de merluza', 5),
('Filé de polaca', 5),
('Filé de pescada amarela', 5),
('Pescada branca', 5),
('Salmão', 5),
('Filé de salmão', 5),
('Atum fresco', 5),
('Posta de atum', 5),
('Bacalhau dessalgado', 5),
('Camarão limpo', 5),
('Camarão cinza', 5),
('Camarão VG', 5),
('Sardinha fresca', 5),
('Peixe inteiro limpo', 5),
('Pintado', 5),
('Tambaqui', 5),
('Pirarucu', 5),
('Badejo', 5),
('Cação', 5),
('Lula em anéis', 5),
('Polvo', 5),
('Mexilhão', 5),
('Mexilhão limpo', 5),
('Marisco', 5),
('Marisco limpo', 5),
('Ostra', 5),
('Sururu', 5);

-- Grupo 6: Carnes e derivados
INSERT INTO public.products (name, group_id) VALUES
('Acém bovino', 6),
('Alcatra bovina', 6),
('Contra-filé bovino', 6),
('Coxão mole bovino', 6),
('Coxão duro bovino', 6),
('Coxão de fora bovino', 6),
('Filé mignon bovino', 6),
('Fraldinha bovina', 6),
('Lagarto bovino', 6),
('Maminha bovina', 6),
('Músculo bovino', 6),
('Músculo traseiro bovino', 6),
('Paleta bovina', 6),
('Patinho bovino', 6),
('Peito bovino', 6),
('Picanha bovina', 6),
('Cupim bovino', 6),
('Costela bovina', 6),
('Ponta de agulha bovina', 6),
('Rabada bovina', 6),
('Fígado bovino', 6),
('Língua bovina', 6),
('Carne moída bovina', 6),
('Carne de sol bovina', 6),
('Carne seca bovina', 6),
('Charque bovino', 6),
('Ossobuco bovino', 6),
('Mocotó bovino', 6),
('Frango inteiro', 6),
('Peito de frango com osso', 6),
('Peito de frango sem pele', 6),
('Filé de peito de frango', 6),
('Sassami de frango', 6),
('Coxa de frango', 6),
('Sobrecoxa de frango', 6),
('Coxa e sobrecoxa de frango', 6),
('Sobrecoxa de frango desossada', 6),
('Coxa de frango desossada', 6),
('Asa de frango', 6),
('Drumet de frango', 6),
('Tulipa de frango', 6),
('Moela de frango', 6),
('Coração de frango', 6),
('Fígado de frango', 6),
('Carne moída de frango', 6),
('Filé de coxa e sobrecoxa de frango', 6),
('Peito de peru', 6),
('Lombo suíno', 6),
('Filé mignon suíno', 6),
('Pernil suíno com osso', 6),
('Pernil suíno sem osso', 6),
('Paleta suína', 6),
('Costela suína', 6),
('Costelinha suína', 6),
('Bisteca suína', 6),
('Carré suíno', 6),
('Picanha suína', 6),
('Panceta suína', 6),
('Bacon', 6),
('Toucinho suíno', 6),
('Copa lombo suíno', 6),
('Linguiça calabresa', 6),
('Linguiça toscana', 6),
('Linguiça de frango', 6),
('Paio', 6),
('Salsicha', 6),
('Presunto cozido', 6),
('Apresuntado', 6),
('Lombo canadense', 6),
('Mortadela', 6),
('Peito de peru defumado', 6),
('Carré de cordeiro', 6),
('Pernil de cordeiro', 6),
('Costela suína temperada', 6),
('Pernil suíno temperado', 6);

-- Grupo 7: Leite e derivados
INSERT INTO public.products (name, group_id) VALUES
('Leite UHT integral', 7),
('Leite UHT semidesnatado', 7),
('Leite UHT desnatado', 7),
('Leite em pó integral', 7),
('Leite em pó desnatado', 7),
('Leite evaporado', 7),
('Creme de leite', 7),
('Creme culinário UHT', 7),
('Chantilly UHT', 7),
('Leite condensado', 7),
('Nata', 7),
('Requeijão cremoso', 7),
('Requeijão culinário', 7),
('Requeijão tipo catupiry', 7),
('Cream cheese', 7),
('Iogurte natural', 7),
('Iogurte integral', 7),
('Queijo muçarela', 7),
('Muçarela fatiada', 7),
('Queijo prato', 7),
('Queijo parmesão ralado', 7),
('Queijo parmesão em peça', 7),
('Queijo coalho', 7),
('Queijo minas padrão', 7),
('Queijo minas frescal', 7),
('Queijo cheddar', 7),
('Queijo provolone', 7),
('Queijo cottage', 7),
('Mascarpone', 7),
('Iogurte grego', 7),
('Ricota', 7),
('Creme de ricota', 7);

-- Grupo 8: Ovos e derivados
INSERT INTO public.products (name, group_id) VALUES
('Ovo de galinha branco', 8),
('Ovo de galinha vermelho', 8),
('Ovo caipira', 8),
('Ovo de codorna', 8),
('Clara pasteurizada', 8),
('Gema pasteurizada', 8),
('Ovo líquido integral pasteurizado', 8);

-- Grupo 9: Açúcares, adoçantes e xaropes
INSERT INTO public.products (name, group_id) VALUES
('Açúcar cristal', 9),
('Açúcar refinado', 9),
('Açúcar mascavo', 9),
('Açúcar demerara', 9),
('Açúcar de confeiteiro', 9),
('Mel', 9),
('Melado de cana', 9),
('Glucose de milho', 9),
('Xarope de milho', 9),
('Eritritol', 9),
('Xilitol', 9),
('Adoçante culinário', 9);

-- Grupo 10: Ingredientes auxiliares e bases
INSERT INTO public.products (name, group_id) VALUES
('Sal refinado', 10),
('Sal grosso', 10),
('Sal marinho', 10),
('Amido de milho', 10),
('Fermento químico', 10),
('Fermento biológico seco', 10),
('Fermento biológico fresco', 10),
('Bicarbonato de sódio', 10),
('Gelatina incolor', 10),
('Agar-agar', 10),
('Pectina', 10),
('Emulsificante para confeitaria', 10),
('Melhorador de farinha', 10),
('Essência de baunilha', 10),
('Extrato de baunilha', 10),
('Caldo de carne em pó', 10),
('Caldo de galinha em pó', 10),
('Caldo de legumes em pó', 10),
('Vinagre de álcool', 10),
('Vinagre de maçã', 10),
('Vinagre balsâmico', 10),
('Cebola em pó', 10),
('Alho em pó', 10),
('Tempero baiano', 10),
('Glutamato monossódico', 10),
('Corante alimentício', 10);

-- Grupo 11: Produtos industrializados
INSERT INTO public.products (name, group_id) VALUES
('Biscoito água e sal', 11),
('Biscoito maizena', 11),
('Biscoito cream cracker', 11),
('Macarrão instantâneo', 11),
('Cereal matinal', 11),
('Granola tradicional', 11),
('Batata palha', 11),
('Mistura para bolo de chocolate', 11),
('Mistura para bolo de baunilha', 11),
('Mistura para panqueca', 11),
('Mistura para pão de queijo', 11),
('Pré-mistura para pão', 11),
('Farofa pronta', 11),
('Massa de tapioca hidratada', 11),
('Creme para confeitaria', 11),
('Creme de cebola', 11),
('Sopa instantânea de legumes', 11),
('Biscoito de polvilho', 11),
('Torrada integral', 11);

-- Grupo 12: Panificação, massas e bases prontas
INSERT INTO public.products (name, group_id) VALUES
('Pão francês', 12),
('Pão de forma', 12),
('Pão integral', 12),
('Pão brioche', 12),
('Pão de leite', 12),
('Baguete', 12),
('Pão de hambúrguer', 12),
('Pão de cachorro-quente', 12),
('Pão sírio', 12),
('Croissant', 12),
('Tortilha de trigo', 12),
('Wrap', 12),
('Massa de lasanha fresca', 12),
('Massa de pastel', 12),
('Massa de pizza', 12),
('Massa para esfiha', 12),
('Massa folhada', 12),
('Quiche de queijo', 12),
('Empada de frango', 12),
('Torta salgada de frango', 12);

-- Grupo 13: Leguminosas e derivados
INSERT INTO public.products (name, group_id) VALUES
('Feijão carioca tipo 1', 13),
('Feijão preto tipo 1', 13),
('Feijão branco tipo 1', 13),
('Feijão fradinho', 13),
('Feijão verde', 13),
('Feijão de corda', 13),
('Lentilha', 13),
('Lentilha vermelha', 13),
('Grão-de-bico', 13),
('Ervilha seca', 13),
('Ervilha partida', 13),
('Soja em grãos', 13),
('Fava', 13),
('Proteína texturizada de soja', 13),
('Farinha de grão-de-bico', 13),
('Farinha de soja', 13);

-- Grupo 14: Nozes e sementes
INSERT INTO public.products (name, group_id) VALUES
('Amendoim cru', 14),
('Amendoim torrado', 14),
('Castanha de caju', 14),
('Castanha-do-pará', 14),
('Noz', 14),
('Amêndoa', 14),
('Pistache', 14),
('Chia', 14),
('Linhaça dourada', 14),
('Linhaça marrom', 14),
('Gergelim branco', 14),
('Gergelim preto', 14),
('Semente de girassol', 14),
('Semente de abóbora', 14);

-- Grupo 15: Frutas e derivados
INSERT INTO public.products (name, group_id) VALUES
('Banana prata', 15),
('Banana nanica', 15),
('Banana da terra', 15),
('Maçã fuji', 15),
('Maçã gala', 15),
('Laranja pera', 15),
('Limão taiti', 15),
('Limão siciliano', 15),
('Mamão formosa', 15),
('Mamão papaia', 15),
('Melancia', 15),
('Melão amarelo', 15),
('Manga tommy', 15),
('Manga palmer', 15),
('Abacaxi pérola', 15),
('Morango', 15),
('Uva verde', 15),
('Uva roxa', 15),
('Goiaba vermelha', 15),
('Maracujá azedo', 15),
('Pera', 15),
('Acerola', 15),
('Caju', 15),
('Abacate', 15),
('Tangerina', 15),
('Coco seco', 15);

-- Grupo 16: Bebidas (alcoólicas e não alcoólicas)
INSERT INTO public.products (name, group_id) VALUES
('Água mineral', 16),
('Água de coco', 16),
('Café torrado e moído', 16),
('Café solúvel', 16),
('Chá mate', 16),
('Chá de camomila', 16),
('Chá de erva-doce', 16),
('Chá de hibisco', 16),
('Chá verde', 16),
('Suco de laranja integral', 16),
('Suco integral de abacaxi', 16),
('Suco integral de caju', 16),
('Suco integral de limão', 16),
('Suco integral de manga', 16),
('Suco integral de maracujá', 16),
('Suco integral de goiaba', 16),
('Suco integral de acerola', 16),
('Suco de uva integral', 16),
('Concentrado de abacaxi', 16),
('Concentrado de caju', 16),
('Concentrado de limão', 16),
('Concentrado de maracujá', 16),
('Concentrado de goiaba', 16),
('Água com gás', 16),
('Refrigerante cola', 16),
('Refrigerante guaraná', 16);

-- Grupo 17: Conservas e Enlatados
INSERT INTO public.products (name, group_id) VALUES
('Milho verde em conserva', 17),
('Ervilha em conserva', 17),
('Palmito em conserva', 17),
('Azeitona verde', 17),
('Azeitona preta', 17),
('Extrato de tomate', 17),
('Polpa de tomate', 17),
('Passata de tomate', 17),
('Tomate pelado', 17),
('Molho de tomate pronto', 17),
('Sardinha em lata', 17),
('Atum em lata', 17),
('Champignon em conserva', 17),
('Pepino em conserva', 17),
('Alcaparra em conserva', 17),
('Anchova em conserva', 17),
('Pimenta biquinho em conserva', 17),
('Seleta de legumes em conserva', 17),
('Grão-de-bico em conserva', 17);

-- Grupo 18: Congelados e Prontos
INSERT INTO public.products (name, group_id) VALUES
('Batata pré-frita congelada', 18),
('Legumes congelados', 18),
('Brócolis congelado', 18),
('Couve-flor congelada', 18),
('Ervilha congelada', 18),
('Milho congelado', 18),
('Espinafre congelado', 18),
('Polpa de maracujá congelada', 18),
('Polpa de acerola congelada', 18),
('Polpa de abacaxi congelada', 18),
('Polpa de goiaba congelada', 18),
('Polpa de limão congelada', 18),
('Polpa de manga congelada', 18),
('Polpa de caju congelada', 18),
('Polpa de cajá congelada', 18),
('Hambúrguer bovino congelado', 18),
('Hambúrguer de frango congelado', 18),
('Filé de peixe congelado', 18),
('Frango empanado congelado', 18),
('Nuggets de frango', 18),
('Lasanha congelada', 18),
('Pizza congelada', 18),
('Pão de queijo congelado', 18),
('Mandioca congelada', 18),
('Almôndega congelada', 18),
('Coxinha congelada', 18),
('Kibe congelado', 18);

-- Grupo 19: Especiarias e Ervas
INSERT INTO public.products (name, group_id) VALUES
('Pimenta-do-reino moída', 19),
('Cominho em pó', 19),
('Açafrão da terra', 19),
('Páprica doce', 19),
('Páprica picante', 19),
('Páprica defumada', 19),
('Orégano', 19),
('Manjericão seco', 19),
('Tomilho seco', 19),
('Louro em folhas', 19),
('Canela em pó', 19),
('Cravo-da-índia', 19),
('Noz-moscada', 19),
('Chimichurri', 19),
('Curry', 19),
('Coentro em pó', 19),
('Salsinha desidratada', 19),
('Cebolinha desidratada', 19),
('Gengibre em pó', 19),
('Alecrim seco', 19),
('Hortelã desidratada', 19),
('Colorau', 19),
('Pimenta calabresa', 19);

-- Grupo 20: Molhos e Condimentos
INSERT INTO public.products (name, group_id) VALUES
('Maionese', 20),
('Ketchup', 20),
('Mostarda', 20),
('Molho shoyu', 20),
('Molho inglês', 20),
('Molho de alho', 20),
('Molho barbecue', 20),
('Molho de pimenta', 20),
('Molho pesto', 20),
('Molho rosé', 20),
('Molho teriyaki', 20),
('Molho de ostra', 20),
('Molho sweet chili', 20),
('Molho de peixe', 20),
('Tahine', 20),
('Molho caesar', 20),
('Molho ranch', 20),
('Molho curry', 20),
('Molho de salada italiano', 20),
('Molho tártaro', 20),
('Molho branco base', 20),
('Molho de queijo', 20),
('Molho quatro queijos', 20),
('Molho de mostarda e mel', 20),
('Relish de pepino', 20),
('Missô', 20),
('Tempero completo sem pimenta', 20),
('Tempero completo com pimenta', 20),
('Alho triturado', 20),
('Mostarda dijon', 20);


COMMIT;
INSERT INTO auth.users (instance_id,id,aud,"role",email,encrypted_password,email_confirmed_at,invited_at,confirmation_token,confirmation_sent_at,recovery_token,recovery_sent_at,email_change_token_new,email_change,email_change_sent_at,last_sign_in_at,raw_app_meta_data,raw_user_meta_data,is_super_admin,created_at,updated_at,phone,phone_confirmed_at,phone_change,phone_change_token,phone_change_sent_at,email_change_token_current,email_change_confirm_status,banned_until,reauthentication_token,reauthentication_sent_at,is_sso_user,deleted_at,is_anonymous) VALUES
	 ('00000000-0000-0000-0000-000000000000'::uuid,'b4bfb6a4-445f-4be7-8cc3-037b91e27ee7'::uuid,'authenticated','authenticated','pedrohenriquesj.pro@gmail.com',NULL,'2025-11-17 11:45:51.878318-03',NULL,'',NULL,'',NULL,'','',NULL,'2025-11-17 14:29:40.000611-03','{"provider": "google", "providers": ["google"]}','{"iss": "https://accounts.google.com", "sub": "100247897669381880694", "name": "Pedro Henrique", "email": "pedrohenriquesj.pro@gmail.com", "picture": "https://lh3.googleusercontent.com/a/ACg8ocLKRljssA3EXXzSUlM_cQKXxeXLd-9xZCabfWPFXu42SQHfIkRB=s96-c", "full_name": "Pedro Henrique", "avatar_url": "https://lh3.googleusercontent.com/a/ACg8ocLKRljssA3EXXzSUlM_cQKXxeXLd-9xZCabfWPFXu42SQHfIkRB=s96-c", "provider_id": "100247897669381880694", "email_verified": true, "phone_verified": false}',NULL,'2025-11-17 11:45:51.866854-03','2025-11-17 14:29:40.003161-03',NULL,NULL,'','',NULL,'',0,NULL,'',NULL,false,NULL,false),
	 ('00000000-0000-0000-0000-000000000000'::uuid,'a5371483-5545-4dbf-9ab9-93a4fda5be81'::uuid,'authenticated','authenticated','piterhenou@gmail.com',NULL,'2025-11-17 11:43:50.337472-03',NULL,'',NULL,'',NULL,'','',NULL,'2025-11-17 14:30:25.374758-03','{"provider": "google", "providers": ["google"]}','{"iss": "https://accounts.google.com", "sub": "100354653385770016316", "name": "Pedro Henrique (Drk9)", "email": "piterhenou@gmail.com", "picture": "https://lh3.googleusercontent.com/a/ACg8ocJ8BbK8zq4l4kfiLYMaF2RFCUE2i_udJuxdS2ntxNrb9sW6nFo=s96-c", "full_name": "Pedro Henrique (Drk9)", "avatar_url": "https://lh3.googleusercontent.com/a/ACg8ocJ8BbK8zq4l4kfiLYMaF2RFCUE2i_udJuxdS2ntxNrb9sW6nFo=s96-c", "provider_id": "100354653385770016316", "email_verified": true, "phone_verified": false}',NULL,'2025-11-17 11:43:50.327822-03','2025-11-17 14:30:25.377257-03',NULL,NULL,'','',NULL,'',0,NULL,'',NULL,false,NULL,false),
	 ('00000000-0000-0000-0000-000000000000'::uuid,'01961561-3b13-424b-bd33-4631b9bd273b'::uuid,'authenticated','authenticated','manin@gmail.com','$2a$10$GmTTPf2u0Vq5eVXTDXXhF.2Saj6mDpJkVTtDTWa.v7cyu.rpTg30m','2025-11-17 11:59:19.166277-03',NULL,'',NULL,'',NULL,'','',NULL,'2025-11-17 11:59:36.34326-03','{"provider": "email", "providers": ["email"]}','{"sub": "01961561-3b13-424b-bd33-4631b9bd273b", "email": "manin@gmail.com", "full_name": "Maninho", "email_verified": true, "phone_verified": false}',NULL,'2025-11-17 11:59:19.162198-03','2025-11-17 11:59:36.344807-03',NULL,NULL,'','',NULL,'',0,NULL,'',NULL,false,NULL,false);

INSERT INTO public.organizations (id,name,"type",created_by,created_at,cnpj,capacity,opening_date,full_address,zip_code,district,latitude,longitude,main_phone,alt_phone,institutional_email,updated_at,state_id,city_id,address,"number",address_complement) VALUES
	('08ccdabd-b8e0-48dc-82c6-f69a696e24c3'::uuid,'Rancho HMAR','uan',
    (SELECT id FROM auth.users WHERE email = 'pedrohenriquesj.pro@gmail.com' LIMIT 1),
    '2025-11-17 11:46:22.523937-03','84643764834948',NULL,NULL,NULL,'','',NULL,NULL,NULL,NULL,NULL,'2025-11-17 11:46:22.523937-03',NULL,NULL,'','',''),
	('1e1e7ee8-72d5-4394-a017-43c7dd3789a7'::uuid,'Rancho HGUJP','uan',
    (SELECT id FROM auth.users WHERE email = 'piterhenou@gmail.com' LIMIT 1),
    '2025-11-17 11:45:14.502884-03','43434555563223',NULL,NULL,NULL,'','',NULL,NULL,'83991514481',NULL,NULL,'2025-11-17 11:45:14.502884-03',NULL,NULL,'','','');
INSERT INTO public.user_organizations (id, user_id, organization_id, profile_id, active, entry_date, exit_date, created_at)
VALUES (
  '99099ccd-0382-4a7f-8096-108811d5b76d'::uuid,
  'a5371483-5545-4dbf-9ab9-93a4fda5be81'::uuid,
  '1e1e7ee8-72d5-4394-a017-43c7dd3789a7'::uuid,
  (SELECT id FROM public.profiles WHERE name ILIKE 'gestor' LIMIT 1),
  true,
  '2025-11-17 11:45:14.517401-03',
  NULL,
  '2025-11-17 11:45:14.517401-03'
),
(
  'f28715b2-7e1e-420a-82a0-c72b502fe599'::uuid,
  'b4bfb6a4-445f-4be7-8cc3-037b91e27ee7'::uuid,
  '08ccdabd-b8e0-48dc-82c6-f69a696e24c3'::uuid,
  (SELECT id FROM public.profiles WHERE name ILIKE 'cozinheiro' LIMIT 1),
  true,
  '2025-11-17 11:46:22.537707-03',
  NULL,
  '2025-11-17 11:46:22.537707-03'
),
(
  'e656a21f-d8bc-4e03-8b0e-1505a31f4911'::uuid,
  '01961561-3b13-424b-bd33-4631b9bd273b'::uuid,
  '1e1e7ee8-72d5-4394-a017-43c7dd3789a7'::uuid,
  (SELECT id FROM public.profiles WHERE name ILIKE 'estoquista' LIMIT 1),
  true,
  '2025-11-17 11:59:40.612436-03',
  NULL,
  '2025-11-17 11:59:40.612436-03'
),
(
  '84dc9180-40d4-41d0-9ffa-0fa266c9696c'::uuid,
  'b4bfb6a4-445f-4be7-8cc3-037b91e27ee7'::uuid,
  '1e1e7ee8-72d5-4394-a017-43c7dd3789a7'::uuid,
  (SELECT id FROM public.profiles WHERE name ILIKE 'gestor' LIMIT 1),
  true,
  '2025-11-17 12:00:21.961516-03',
  NULL,
  '2025-11-17 12:00:21.961516-03'
);
INSERT INTO public.user_profiles (id, user_organization_id, profile_id, active, start_date, created_at) VALUES
	('e911758b-18f5-4358-83bf-ba5a45b56339'::uuid, '99099ccd-0382-4a7f-8096-108811d5b76d'::uuid, (SELECT id FROM public.profiles WHERE name ILIKE 'gestor' LIMIT 1), true, '2025-11-17 11:45:14.526538-03', '2025-11-17 11:45:14.526538-03'),
	('46fb1b28-b97c-4224-96bd-85d3abfa540f'::uuid, 'f28715b2-7e1e-420a-82a0-c72b502fe599'::uuid, (SELECT id FROM public.profiles WHERE name ILIKE 'gestor' LIMIT 1), true, '2025-11-17 11:46:22.543482-03', '2025-11-17 11:46:22.543482-03'),
	('9a59d8a6-4c1b-4f5d-846e-f4c4c3ac08d5'::uuid, 'e656a21f-d8bc-4e03-8b0e-1505a31f4911'::uuid, (SELECT id FROM public.profiles WHERE name ILIKE 'cozinheiro' LIMIT 1), true, '2025-11-17 11:59:40.621348-03', '2025-11-17 11:59:40.621348-03'),
	('08f9c42d-085d-4dee-899f-3744b610a0db'::uuid, '84dc9180-40d4-41d0-9ffa-0fa266c9696c'::uuid, (SELECT id FROM public.profiles WHERE name ILIKE 'estoquista' LIMIT 1), true, '2025-11-17 12:00:21.967704-03', '2025-11-17 12:00:21.967704-03');

INSERT INTO public.invites (id,email,organization_id,profile_id,status,invite_token,expires_at,invited_by,created_at,accepted_at,accepted_by,rejected_at,rejected_by,invited_by_name,invited_by_email,invited_by_avatar_url) VALUES
	('27b672a3-74ee-471d-87a1-fe233b07ccfe'::uuid,'joaofeijo@gmail.com',
	(SELECT id FROM public.organizations WHERE name = 'Rancho HGUJP' LIMIT 1),
	(SELECT id FROM public.profiles WHERE name ILIKE 'gestor' LIMIT 1),
	'pending','a46ca7fe-b292-497d-82a1-4066d33b1bb5','2025-11-24 11:45:37.685-03',
	(SELECT id FROM auth.users WHERE email = 'piterhenou@gmail.com' LIMIT 1),
	'2025-11-17 11:45:37.689222-03',NULL,NULL,NULL,NULL,'Pedro Henrique (Drk9)','piterhenou@gmail.com','https://lh3.googleusercontent.com/a/ACg8ocJ8BbK8zq4l4kfiLYMaF2RFCUE2i_udJuxdS2ntxNrb9sW6nFo=s96-c'),
	('e0d908d9-8a11-42cc-a6ec-b242cc549272'::uuid,'manin@gmail.com',
	(SELECT id FROM public.organizations WHERE name = 'Rancho HGUJP' LIMIT 1),
	(SELECT id FROM public.profiles WHERE name ILIKE 'estoquista' LIMIT 1),
	'accepted','b7456fe8-2c20-4506-8f85-5bf37a36f7ac','2025-11-24 11:45:37.615-03',
	(SELECT id FROM auth.users WHERE email = 'piterhenou@gmail.com' LIMIT 1),
	'2025-11-17 11:45:37.621735-03','2025-11-17 11:59:40.6-03',
	(SELECT id FROM auth.users WHERE email = 'manin@gmail.com' LIMIT 1),
	NULL,NULL,'Pedro Henrique (Drk9)','piterhenou@gmail.com','https://lh3.googleusercontent.com/a/ACg8ocJ8BbK8zq4l4kfiLYMaF2RFCUE2i_udJuxdS2ntxNrb9sW6nFo=s96-c'),
	('67d52931-4722-4aae-8f9b-284414b57fc3'::uuid,'pedrohenriquesj.pro@gmail.com',
	(SELECT id FROM public.organizations WHERE name = 'Rancho HGUJP' LIMIT 1),
	(SELECT id FROM public.profiles WHERE name ILIKE 'gestor' LIMIT 1),
	'accepted','b9752e32-19c2-407e-9b6c-5d6b2cac9643','2025-11-24 11:45:37.739-03',
	(SELECT id FROM auth.users WHERE email = 'piterhenou@gmail.com' LIMIT 1),
	'2025-11-17 11:45:37.743665-03','2025-11-17 12:00:21.952-03',
	(SELECT id FROM auth.users WHERE email = 'pedrohenriquesj.pro@gmail.com' LIMIT 1),
	NULL,NULL,'Pedro Henrique (Drk9)','piterhenou@gmail.com','https://lh3.googleusercontent.com/a/ACg8ocJ8BbK8zq4l4kfiLYMaF2RFCUE2i_udJuxdS2ntxNrb9sW6nFo=s96-c');

INSERT INTO public.departments (id,name,organization_id,department_type,created_at) VALUES
	('89a9eaa6-1f83-4df5-a06f-c2660c264652'::uuid,'Produção/Cozinha',
    (SELECT id FROM public.organizations WHERE name = 'Rancho HGUJP' LIMIT 1),
    'producao','2025-11-17 11:45:14.51073-03'),
	('8d46addb-3fc7-4036-bdfb-9bf174437a83'::uuid,'Produção/Cozinha',
    (SELECT id FROM public.organizations WHERE name = 'Rancho HMAR' LIMIT 1),
    'producao','2025-11-17 11:46:22.531208-03');
