BEGIN;

-- ===== USER PROFILES =====
INSERT INTO public.profiles (name, description, active) 
VALUES 
('Estoquista', 'Acesso de estoque', true), 
('Gestor', 'Acesso de gerenciamento', true), 
('Cozinheiro', 'Acesso de cozinha', true);

-- ===== FUNCTIONALITIES =====
INSERT INTO public.functionalities (name, description, code, active) 
VALUES 
-- Dashboard
('Dashboard Gestor', 'Visualização do painel do gestor', 'DASHBOARD:MANAGER', true),
('Dashboard Estoquista', 'Visualização do painel do estoquista', 'DASHBOARD:STOCK', true),
('Dashboard Cozinheiro', 'Visualização do painel do cozinheiro', 'DASHBOARD:KITCHEN', true),
-- Membros
('Membros - Visualizar', 'Visualização de membros da organização', 'MEMBERS:READ', true),
('Membros - Gerenciar', 'Gerenciamento de membros da organização', 'MEMBERS:WRITE', true),
-- Convites
('Convites - Visualizar', 'Visualização de convites', 'INVITES:READ', true),
('Convites - Gerenciar', 'Gerenciamento de convites', 'INVITES:WRITE', true),
-- Organizações
('Organizações - Visualizar', 'Visualização de organizações', 'ORGANIZATIONS:READ', true),
('Organizações - Gerenciar', 'Gerenciamento de organizações', 'ORGANIZATIONS:WRITE', true),
-- Departamentos
('Departamentos - Visualizar', 'Visualização de departamentos', 'DEPARTMENTS:READ', true),
('Departamentos - Gerenciar', 'Gerenciamento de departamentos', 'DEPARTMENTS:WRITE', true),
-- Etiquetas
('Etiquetas - Visualizar', 'Visualização de etiquetas', 'LABELS:READ', true),
('Etiquetas - Gerenciar', 'Geração e impressão de etiquetas', 'LABELS:WRITE', true),
-- Estoque
('Estoque - Visualizar', 'Visualização do estoque', 'STOCK:READ', true),
('Estoque - Gerenciar', 'Gerenciamento de estoque', 'STOCK:WRITE', true),
-- Fichas Técnicas
('Fichas Técnicas - Visualizar', 'Visualização de fichas técnicas', 'TECHNICAL_SHEETS:READ', true),
('Fichas Técnicas - Gerenciar', 'Gerenciamento de fichas técnicas', 'TECHNICAL_SHEETS:WRITE', true);

-- ===== PERMISSIONS =====
-- Usando o campo code para referenciar funcionalidades
INSERT INTO public.permissions (functionality_id, profile_id, action, active) 
VALUES 
-- Estoquista - Acesso apenas ao estoque
((SELECT id FROM public.functionalities WHERE code = 'STOCK:READ'), (SELECT id FROM public.profiles WHERE name = 'Estoquista'), 'granted', true),
((SELECT id FROM public.functionalities WHERE code = 'STOCK:WRITE'), (SELECT id FROM public.profiles WHERE name = 'Estoquista'), 'granted', true),
((SELECT id FROM public.functionalities WHERE code = 'DASHBOARD:STOCK'), (SELECT id FROM public.profiles WHERE name = 'Estoquista'), 'granted', true),

-- Cozinheiro - Acesso apenas ao estoque
((SELECT id FROM public.functionalities WHERE code = 'STOCK:READ'), (SELECT id FROM public.profiles WHERE name = 'Cozinheiro'), 'granted', true),
((SELECT id FROM public.functionalities WHERE code = 'STOCK:WRITE'), (SELECT id FROM public.profiles WHERE name = 'Cozinheiro'), 'granted', true),
((SELECT id FROM public.functionalities WHERE code = 'DASHBOARD:KITCHEN'), (SELECT id FROM public.profiles WHERE name = 'Cozinheiro'), 'granted', true),

-- Gestor - Acesso completo a todas as funcionalidades
((SELECT id FROM public.functionalities WHERE code = 'DASHBOARD:MANAGER'), (SELECT id FROM public.profiles WHERE name = 'Gestor'), 'granted', true),
((SELECT id FROM public.functionalities WHERE code = 'MEMBERS:READ'), (SELECT id FROM public.profiles WHERE name = 'Gestor'), 'granted', true),
((SELECT id FROM public.functionalities WHERE code = 'MEMBERS:WRITE'), (SELECT id FROM public.profiles WHERE name = 'Gestor'), 'granted', true),
((SELECT id FROM public.functionalities WHERE code = 'INVITES:READ'), (SELECT id FROM public.profiles WHERE name = 'Gestor'), 'granted', true),
((SELECT id FROM public.functionalities WHERE code = 'INVITES:WRITE'), (SELECT id FROM public.profiles WHERE name = 'Gestor'), 'granted', true),
((SELECT id FROM public.functionalities WHERE code = 'ORGANIZATIONS:READ'), (SELECT id FROM public.profiles WHERE name = 'Gestor'), 'granted', true),
((SELECT id FROM public.functionalities WHERE code = 'ORGANIZATIONS:WRITE'), (SELECT id FROM public.profiles WHERE name = 'Gestor'), 'granted', true),
((SELECT id FROM public.functionalities WHERE code = 'DEPARTMENTS:READ'), (SELECT id FROM public.profiles WHERE name = 'Gestor'), 'granted', true),
((SELECT id FROM public.functionalities WHERE code = 'DEPARTMENTS:WRITE'), (SELECT id FROM public.profiles WHERE name = 'Gestor'), 'granted', true),
((SELECT id FROM public.functionalities WHERE code = 'LABELS:READ'), (SELECT id FROM public.profiles WHERE name = 'Gestor'), 'granted', true),
((SELECT id FROM public.functionalities WHERE code = 'LABELS:WRITE'), (SELECT id FROM public.profiles WHERE name = 'Gestor'), 'granted', true),
((SELECT id FROM public.functionalities WHERE code = 'STOCK:READ'), (SELECT id FROM public.profiles WHERE name = 'Gestor'), 'granted', true),
((SELECT id FROM public.functionalities WHERE code = 'STOCK:WRITE'), (SELECT id FROM public.profiles WHERE name = 'Gestor'), 'granted', true),
((SELECT id FROM public.functionalities WHERE code = 'TECHNICAL_SHEETS:READ'), (SELECT id FROM public.profiles WHERE name = 'Gestor'), 'granted', true),
((SELECT id FROM public.functionalities WHERE code = 'TECHNICAL_SHEETS:WRITE'), (SELECT id FROM public.profiles WHERE name = 'Gestor'), 'granted', true);

-- ===== PRODUCT GROUPS =====
INSERT INTO public.groups (id, name) VALUES 
(1, 'Cereais e derivados'),
(2, 'Verduras, hortaliças e derivados'),
(3, 'Frutos e derivados'),
(4, 'Gorduras e óleos'),
(5, 'Pescados e frutos do mar'),
(6, 'Carnes e derivados'),
(7, 'Leite e derivados'),
(8, 'Ovos e derivados'),
(9, 'Produtos açucarados'),
(10, 'Miscelâneas'),
(11, 'Outros alimentos industrializados'),
(12, 'Alimentos preparados'),
(13, 'Leguminosas e derivados'),
(14, 'Nozes e sementes'),
(15, 'Frutas e derivados'),
(16, 'Bebidas (alcoólicas e não alcoólicas)'),
(17, 'Conservas e Enlatados'),
(18, 'Congelados e Prontos'),
(19, 'Especiarias e Ervas'),
(20, 'Molhos e Condimentos');

-- ===== PRODUCTS =====
INSERT INTO public.products (id, name, group_id) VALUES 
(1, 'Arroz branco', 1),
(2, 'Arroz integral', 1),
(3, 'Farinha de trigo', 1),
(4, 'Macarrão', 1),
(5, 'Pão francês', 1),
(6, 'Aveia', 1),
(7, 'Alface', 2),
(8, 'Tomate', 2),
(9, 'Cenoura', 2),
(10, 'Cebola', 2),
(11, 'Batata', 2),
(12, 'Brócolis', 2),
(13, 'Frango', 6),
(14, 'Carne bovina', 6),
(15, 'Carne suína', 6),
(16, 'Linguiça', 6),
(17, 'Leite integral', 7),
(18, 'Iogurte natural', 7),
(19, 'Queijo muçarela', 7),
(20, 'Manteiga', 7),
(21, 'Banana', 15),
(22, 'Maçã', 15),
(23, 'Laranja', 15),
(24, 'Mamão', 15),
(25, 'Feijão preto', 13),
(26, 'Feijão carioca', 13),
(27, 'Lentilha', 13),
(28, 'Grão-de-bico', 13),
(29, 'Óleo de soja', 4),
(30, 'Azeite de oliva', 4),
(31, 'Margarina', 4),
(32, 'Salmão', 5),
(33, 'Tilápia', 5),
(34, 'Camarão', 5),
(35, 'Ovo de galinha', 8),
(36, 'Açúcar cristal', 9),
(37, 'Mel', 9),
(38, 'Água mineral', 16),
(39, 'Suco de laranja', 16),
(40, 'Café', 16),
(41, 'Sal refinado', 10),
(42, 'Pimenta-do-reino', 10),
(43, 'Açafrão', 10),
(44, 'Cacau em pó', 3),
(45, 'Chocolate meio amargo', 3),
(46, 'Gelatina em pó', 11),
(47, 'Amido de milho', 11),
(48, 'Massa pronta para bolo', 12),
(49, 'Torta salgada pronta', 12),
(50, 'Castanha de caju', 14),
(51, 'Nozes', 14),
(52, 'Gergelim', 14),
(53, 'Milho em conserva', 17),
(54, 'Ervilha em conserva', 17),
(55, 'Palmito pupunha', 17),
(56, 'Batatas pré-fritas', 18),
(57, 'Hambúrguer bovino', 18),
(58, 'Orégano', 19),
(59, 'Manjericão seco', 19),
(60, 'Canela em pó', 19),
(61, 'Maionese', 20),
(62, 'Ketchup', 20),
(63, 'Mostarda', 20),
(64, 'Cuscuz de milho', 1),
(65, 'Quinoa', 1),
(66, 'Refrigerante de cola', 16),
(67, 'Cerveja pilsen', 16),
(68, 'Espinafre', 2),
(69, 'Couve-manteiga', 2),
(70, 'Abacaxi', 15),
(71, 'Morango', 15),
(72, 'Milho de pipoca', 1),
(73, 'Granola', 1),
(74, 'Rúcula', 2),
(75, 'Agrião', 2),
(76, 'Repolho', 2),
(77, 'Abobrinha', 2),
(78, 'Geleia de morango', 3),
(79, 'Geleia de uva', 3),
(80, 'Banha de porco', 4),
(81, 'Óleo de girassol', 4),
(82, 'Sardinha', 5),
(83, 'Atum fresco', 5),
(84, 'Bacalhau', 5),
(85, 'Carne moída', 6),
(86, 'Costela suína', 6),
(87, 'Bacon', 6),
(88, 'Peito de peru', 6),
(89, 'Creme de leite', 7),
(90, 'Leite condensado', 7),
(91, 'Queijo prato', 7),
(92, 'Ricota', 7),
(93, 'Ovo de codorna', 8),
(94, 'Açúcar mascavo', 9),
(95, 'Açúcar de confeiteiro', 9),
(96, 'Rapadura', 9),
(97, 'Fermento químico', 10),
(98, 'Bicarbonato de sódio', 10),
(99, 'Sopa instantânea', 11),
(100, 'Cereal matinal', 11),
(101, 'Lasanha congelada', 12),
(102, 'Pizza congelada', 12),
(103, 'Ervilha seca', 13),
(104, 'Soja em grãos', 13),
(105, 'Amendoim', 14),
(106, 'Amêndoa', 14),
(107, 'Pistache', 14),
(108, 'Uva', 15),
(109, 'Melancia', 15),
(110, 'Limão', 15),
(111, 'Pera', 15),
(112, 'Manga', 15),
(113, 'Chá mate', 16),
(114, 'Vinho tinto', 16),
(115, 'Cerveja artesanal', 16),
(116, 'Azeitona verde', 17),
(117, 'Picles', 17),
(118, 'Atum em lata', 17),
(119, 'Pão de queijo congelado', 18),
(120, 'Legumes congelados', 18),
(121, 'Cominho', 19),
(122, 'Noz-moscada', 19),
(123, 'Páprica doce', 19),
(124, 'Molho shoyu', 20),
(125, 'Molho inglês', 20),
(126, 'Vinagre de maçã', 20),
(127, 'Berinjela', 2),
(128, 'Pepino', 2),
(129, 'Óleo de milho', 4),
(130, 'Presunto', 6),
(131, 'Salame', 6),
(132, 'Queijo parmesão', 7),
(133, 'Requeijão', 7),
(134, 'Melaço', 9),
(135, 'Semente de girassol', 14),
(136, 'Maracujá', 15),
(137, 'Kiwi', 15),
(138, 'Água de coco', 16),
(139, 'Refrigerante de guaraná', 16),
(140, 'Sardinha em lata', 17),
(141, 'Nuggets de frango', 18),
(142, 'Alecrim', 19),
(143, 'Hortelã', 19),
(144, 'Molho de tomate', 20),
(145, 'Pimenta tabasco', 20),
(146, 'Centeio', 1),
(147, 'Cevada', 1),
(148, 'Farinha de rosca', 1),
(149, 'Farinha de milho', 1),
(150, 'Acelga', 2),
(151, 'Chicória', 2),
(152, 'Nabo', 2),
(153, 'Rabanete', 2),
(154, 'Quiabo', 2),
(155, 'Maxixe', 2),
(156, 'Vagem', 2),
(157, 'Chocolate branco', 3),
(158, 'Manteiga de cacau', 3),
(159, 'Óleo de canola', 4),
(160, 'Óleo de coco', 4),
(161, 'Gordura vegetal hidrogenada', 4),
(162, 'Lula', 5),
(163, 'Polvo', 5),
(164, 'Mexilhão', 5),
(165, 'Ostra', 5),
(166, 'Filé de Merluza', 5),
(167, 'Alcatra', 6),
(168, 'Picanha', 6),
(169, 'Maminha', 6),
(170, 'Fígado bovino', 6),
(171, 'Moela de frango', 6),
(172, 'Pato', 6),
(173, 'Queijo gorgonzola', 7),
(174, 'Queijo provolone', 7),
(175, 'Queijo minas frescal', 7),
(176, 'Leite fermentado', 7),
(177, 'Chantilly', 7),
(178, 'Clara de ovo pasteurizada', 8),
(179, 'Gema de ovo pasteurizada', 8),
(180, 'Glicose de milho', 9),
(181, 'Rapadura', 9),
(182, 'Açúcar demerara', 9),
(183, 'Bicarbonato de amônio', 10),
(184, 'Glutamato monossódico', 10),
(185, 'Barra de ceral', 11),
(186, 'Leite de soja', 11),
(187, 'Tofu', 11),
(188, 'Kibe congelado', 12),
(189, 'Coxinha congelada', 12),
(190, 'Lasanha à bolonhesa', 12),
(191, 'Ervilha torta', 13),
(192, 'Feijão branco', 13),
(193, 'Feijão fradinho', 13),
(194, 'Avelã', 14),
(195, 'Macadâmia', 14),
(196, 'Semente de abóbora', 14),
(197, 'Chia', 14),
(198, 'Pêssego', 15),
(199, 'Ameixa', 15),
(200, 'Caqui', 15),
(201, 'Figo', 15),
(202, 'Goiaba', 15),
(203, 'Melão', 15),
(204, 'Vinho branco', 16),
(205, 'Espumante', 16),
(206, 'Cachaça', 16),
(207, 'Vodka', 16),
(208, 'Suco de uva integral', 16),
(209, 'Cogumelo champignon', 17),
(210, 'Tomate seco', 17),
(211, 'Alcaparras', 17),
(212, 'Brócolis congelado', 18),
(213, 'Açaí polpa', 18),
(214, 'Açafrão da terra (cúrcuma)', 19),
(215, 'Gengibre em pó', 19),
(216, 'Cravo da índia', 19),
(217, 'Louro em folhas', 19),
(218, 'Molho barbecue', 20),
(219, 'Molho tártaro', 20),
(220, 'Molho de pimenta', 20);

COMMIT;
INSERT INTO auth.users (instance_id,id,aud,"role",email,encrypted_password,email_confirmed_at,invited_at,confirmation_token,confirmation_sent_at,recovery_token,recovery_sent_at,email_change_token_new,email_change,email_change_sent_at,last_sign_in_at,raw_app_meta_data,raw_user_meta_data,is_super_admin,created_at,updated_at,phone,phone_confirmed_at,phone_change,phone_change_token,phone_change_sent_at,email_change_token_current,email_change_confirm_status,banned_until,reauthentication_token,reauthentication_sent_at,is_sso_user,deleted_at,is_anonymous) VALUES
	 ('00000000-0000-0000-0000-000000000000'::uuid,'b4bfb6a4-445f-4be7-8cc3-037b91e27ee7'::uuid,'authenticated','authenticated','pedrohenriquesj.pro@gmail.com',NULL,'2025-11-17 11:45:51.878318-03',NULL,'',NULL,'',NULL,'','',NULL,'2025-11-17 14:29:40.000611-03','{"provider": "google", "providers": ["google"]}','{"iss": "https://accounts.google.com", "sub": "100247897669381880694", "name": "Pedro Henrique", "email": "pedrohenriquesj.pro@gmail.com", "picture": "https://lh3.googleusercontent.com/a/ACg8ocLKRljssA3EXXzSUlM_cQKXxeXLd-9xZCabfWPFXu42SQHfIkRB=s96-c", "full_name": "Pedro Henrique", "avatar_url": "https://lh3.googleusercontent.com/a/ACg8ocLKRljssA3EXXzSUlM_cQKXxeXLd-9xZCabfWPFXu42SQHfIkRB=s96-c", "provider_id": "100247897669381880694", "email_verified": true, "phone_verified": false}',NULL,'2025-11-17 11:45:51.866854-03','2025-11-17 14:29:40.003161-03',NULL,NULL,'','',NULL,'',0,NULL,'',NULL,false,NULL,false),
	 ('00000000-0000-0000-0000-000000000000'::uuid,'a5371483-5545-4dbf-9ab9-93a4fda5be81'::uuid,'authenticated','authenticated','piterhenou@gmail.com',NULL,'2025-11-17 11:43:50.337472-03',NULL,'',NULL,'',NULL,'','',NULL,'2025-11-17 14:30:25.374758-03','{"provider": "google", "providers": ["google"]}','{"iss": "https://accounts.google.com", "sub": "100354653385770016316", "name": "Pedro Henrique (Drk9)", "email": "piterhenou@gmail.com", "picture": "https://lh3.googleusercontent.com/a/ACg8ocJ8BbK8zq4l4kfiLYMaF2RFCUE2i_udJuxdS2ntxNrb9sW6nFo=s96-c", "full_name": "Pedro Henrique (Drk9)", "avatar_url": "https://lh3.googleusercontent.com/a/ACg8ocJ8BbK8zq4l4kfiLYMaF2RFCUE2i_udJuxdS2ntxNrb9sW6nFo=s96-c", "provider_id": "100354653385770016316", "email_verified": true, "phone_verified": false}',NULL,'2025-11-17 11:43:50.327822-03','2025-11-17 14:30:25.377257-03',NULL,NULL,'','',NULL,'',0,NULL,'',NULL,false,NULL,false),
	 ('00000000-0000-0000-0000-000000000000'::uuid,'01961561-3b13-424b-bd33-4631b9bd273b'::uuid,'authenticated','authenticated','manin@gmail.com','$2a$10$GmTTPf2u0Vq5eVXTDXXhF.2Saj6mDpJkVTtDTWa.v7cyu.rpTg30m','2025-11-17 11:59:19.166277-03',NULL,'',NULL,'',NULL,'','',NULL,'2025-11-17 11:59:36.34326-03','{"provider": "email", "providers": ["email"]}','{"sub": "01961561-3b13-424b-bd33-4631b9bd273b", "email": "manin@gmail.com", "full_name": "Maninho", "email_verified": true, "phone_verified": false}',NULL,'2025-11-17 11:59:19.162198-03','2025-11-17 11:59:36.344807-03',NULL,NULL,'','',NULL,'',0,NULL,'',NULL,false,NULL,false);

INSERT INTO public.organizations (id,name,"type",created_by,created_at,cnpj,capacity,opening_date,full_address,zip_code,district,latitude,longitude,main_phone,alt_phone,institutional_email,updated_at,state_id,city_id,address,"number",address_complement) VALUES
	('08ccdabd-b8e0-48dc-82c6-f69a696e24c3'::uuid,'Rancho HMAR','uan',
    (SELECT id FROM auth.users WHERE email = 'pedrohenriquesj.pro@gmail.com' LIMIT 1),
    '2025-11-17 11:46:22.523937-03','84643764834948',NULL,NULL,NULL,'','',NULL,NULL,NULL,NULL,NULL,'2025-11-17 11:46:22.523937-03',NULL,NULL,'','',''),
	('1e1e7ee8-72d5-4394-a017-43c7dd3789a7'::uuid,'Rancho HGUJP','uan',
    (SELECT id FROM auth.users WHERE email = 'piterhenou@gmail.com' LIMIT 1),
    '2025-11-17 11:45:14.502884-03','43434555563223',NULL,NULL,NULL,'','',NULL,NULL,'83991514481',NULL,NULL,'2025-11-17 11:45:14.502884-03',NULL,NULL,'','','');
INSERT INTO public.user_organizations (id, user_id, organization_id, profile_id, active, entry_date, exit_date, created_at)
VALUES (
  '99099ccd-0382-4a7f-8096-108811d5b76d'::uuid,
  'a5371483-5545-4dbf-9ab9-93a4fda5be81'::uuid,
  '1e1e7ee8-72d5-4394-a017-43c7dd3789a7'::uuid,
  (SELECT id FROM public.profiles WHERE name ILIKE 'gestor' LIMIT 1),
  true,
  '2025-11-17 11:45:14.517401-03',
  NULL,
  '2025-11-17 11:45:14.517401-03'
),
(
  'f28715b2-7e1e-420a-82a0-c72b502fe599'::uuid,
  'b4bfb6a4-445f-4be7-8cc3-037b91e27ee7'::uuid,
  '08ccdabd-b8e0-48dc-82c6-f69a696e24c3'::uuid,
  (SELECT id FROM public.profiles WHERE name ILIKE 'cozinheiro' LIMIT 1),
  true,
  '2025-11-17 11:46:22.537707-03',
  NULL,
  '2025-11-17 11:46:22.537707-03'
),
(
  'e656a21f-d8bc-4e03-8b0e-1505a31f4911'::uuid,
  '01961561-3b13-424b-bd33-4631b9bd273b'::uuid,
  '1e1e7ee8-72d5-4394-a017-43c7dd3789a7'::uuid,
  (SELECT id FROM public.profiles WHERE name ILIKE 'estoquista' LIMIT 1),
  true,
  '2025-11-17 11:59:40.612436-03',
  NULL,
  '2025-11-17 11:59:40.612436-03'
),
(
  '84dc9180-40d4-41d0-9ffa-0fa266c9696c'::uuid,
  'b4bfb6a4-445f-4be7-8cc3-037b91e27ee7'::uuid,
  '1e1e7ee8-72d5-4394-a017-43c7dd3789a7'::uuid,
  (SELECT id FROM public.profiles WHERE name ILIKE 'gestor' LIMIT 1),
  true,
  '2025-11-17 12:00:21.961516-03',
  NULL,
  '2025-11-17 12:00:21.961516-03'
);
INSERT INTO public.user_profiles (id, user_organization_id, profile_id, active, start_date, created_at) VALUES
	('e911758b-18f5-4358-83bf-ba5a45b56339'::uuid, '99099ccd-0382-4a7f-8096-108811d5b76d'::uuid, (SELECT id FROM public.profiles WHERE name ILIKE 'gestor' LIMIT 1), true, '2025-11-17 11:45:14.526538-03', '2025-11-17 11:45:14.526538-03'),
	('46fb1b28-b97c-4224-96bd-85d3abfa540f'::uuid, 'f28715b2-7e1e-420a-82a0-c72b502fe599'::uuid, (SELECT id FROM public.profiles WHERE name ILIKE 'gestor' LIMIT 1), true, '2025-11-17 11:46:22.543482-03', '2025-11-17 11:46:22.543482-03'),
	('9a59d8a6-4c1b-4f5d-846e-f4c4c3ac08d5'::uuid, 'e656a21f-d8bc-4e03-8b0e-1505a31f4911'::uuid, (SELECT id FROM public.profiles WHERE name ILIKE 'cozinheiro' LIMIT 1), true, '2025-11-17 11:59:40.621348-03', '2025-11-17 11:59:40.621348-03'),
	('08f9c42d-085d-4dee-899f-3744b610a0db'::uuid, '84dc9180-40d4-41d0-9ffa-0fa266c9696c'::uuid, (SELECT id FROM public.profiles WHERE name ILIKE 'estoquista' LIMIT 1), true, '2025-11-17 12:00:21.967704-03', '2025-11-17 12:00:21.967704-03');

INSERT INTO public.invites (id,email,organization_id,profile_id,status,invite_token,expires_at,invited_by,created_at,accepted_at,accepted_by,rejected_at,rejected_by,invited_by_name,invited_by_email,invited_by_avatar_url) VALUES
	('27b672a3-74ee-471d-87a1-fe233b07ccfe'::uuid,'joaofeijo@gmail.com',
	(SELECT id FROM public.organizations WHERE name = 'Rancho HGUJP' LIMIT 1),
	(SELECT id FROM public.profiles WHERE name ILIKE 'gestor' LIMIT 1),
	'pending','a46ca7fe-b292-497d-82a1-4066d33b1bb5','2025-11-24 11:45:37.685-03',
	(SELECT id FROM auth.users WHERE email = 'piterhenou@gmail.com' LIMIT 1),
	'2025-11-17 11:45:37.689222-03',NULL,NULL,NULL,NULL,'Pedro Henrique (Drk9)','piterhenou@gmail.com','https://lh3.googleusercontent.com/a/ACg8ocJ8BbK8zq4l4kfiLYMaF2RFCUE2i_udJuxdS2ntxNrb9sW6nFo=s96-c'),
	('e0d908d9-8a11-42cc-a6ec-b242cc549272'::uuid,'manin@gmail.com',
	(SELECT id FROM public.organizations WHERE name = 'Rancho HGUJP' LIMIT 1),
	(SELECT id FROM public.profiles WHERE name ILIKE 'estoquista' LIMIT 1),
	'accepted','b7456fe8-2c20-4506-8f85-5bf37a36f7ac','2025-11-24 11:45:37.615-03',
	(SELECT id FROM auth.users WHERE email = 'piterhenou@gmail.com' LIMIT 1),
	'2025-11-17 11:45:37.621735-03','2025-11-17 11:59:40.6-03',
	(SELECT id FROM auth.users WHERE email = 'manin@gmail.com' LIMIT 1),
	NULL,NULL,'Pedro Henrique (Drk9)','piterhenou@gmail.com','https://lh3.googleusercontent.com/a/ACg8ocJ8BbK8zq4l4kfiLYMaF2RFCUE2i_udJuxdS2ntxNrb9sW6nFo=s96-c'),
	('67d52931-4722-4aae-8f9b-284414b57fc3'::uuid,'pedrohenriquesj.pro@gmail.com',
	(SELECT id FROM public.organizations WHERE name = 'Rancho HGUJP' LIMIT 1),
	(SELECT id FROM public.profiles WHERE name ILIKE 'gestor' LIMIT 1),
	'accepted','b9752e32-19c2-407e-9b6c-5d6b2cac9643','2025-11-24 11:45:37.739-03',
	(SELECT id FROM auth.users WHERE email = 'piterhenou@gmail.com' LIMIT 1),
	'2025-11-17 11:45:37.743665-03','2025-11-17 12:00:21.952-03',
	(SELECT id FROM auth.users WHERE email = 'pedrohenriquesj.pro@gmail.com' LIMIT 1),
	NULL,NULL,'Pedro Henrique (Drk9)','piterhenou@gmail.com','https://lh3.googleusercontent.com/a/ACg8ocJ8BbK8zq4l4kfiLYMaF2RFCUE2i_udJuxdS2ntxNrb9sW6nFo=s96-c');

INSERT INTO public.departments (id,name,organization_id,department_type,created_at) VALUES
	('89a9eaa6-1f83-4df5-a06f-c2660c264652'::uuid,'Produção/Cozinha',
    (SELECT id FROM public.organizations WHERE name = 'Rancho HGUJP' LIMIT 1),
    'producao','2025-11-17 11:45:14.51073-03'),
	('8d46addb-3fc7-4036-bdfb-9bf174437a83'::uuid,'Produção/Cozinha',
    (SELECT id FROM public.organizations WHERE name = 'Rancho HMAR' LIMIT 1),
    'producao','2025-11-17 11:46:22.531208-03');
INSERT INTO public.unit_of_measure (code, description) VALUES
    ('un', 'Unidade'),
    ('kg', 'Quilograma'),
    ('g',  'Grama'),
    ('l',  'Litro'),
    ('ml', 'Mililitro'),
    ('cx', 'Caixa'),
    ('pct', 'Pacote')
ON CONFLICT (code) DO NOTHING;
